id,replyCount,likeCount,publishedAt,text,translation,authorName,authorChannelId,authorChannelUrl,isReply,isReplyTo,isReplyToName,,Pro-Hamas,Pro-Israel,Media Criticism,Anti-Hamas,Anti-Israel,Jihad Discourse,Criticism for Other Arab States
UgyuWLi1Hcc3n-yei814AaABAg,0,0,45322.606412037,Ù‚Ù†Ø§Ù‡ Ø§Ù„Ø­Ø¯Ø« Ø§Ù„Ø§ÙƒØ¨Ø± ÙÙŠ Ø§Ù„Ø¬Ù‡Ù‡ Ø§Ù„Ø§Ø®Ø±ÙŠ Ø§Ù„Ø®Ø²ÙŠ ÙˆØ§Ù„Ø¹Ø§Ø± Ù„ÙƒÙ…,"The biggest event channel on the other side, shame on you.",@user-rc7mw2ii2e,UC0KPv7zG55N1llEgGTT38-A,http://www.youtube.com/@user-rc7mw2ii2e,0,,,,,,1,,,,
UgyaNWmV5aqe6xJUpQ14AaABAg,0,0,45317.3196064815,Ø§ÙˆØ³Ø® Ù‚Ù†Ø§Ø© Ø§Ù„Ø¹Ø±Ø¨ÙŠÙ‡,Dirtiest Arabic channel,@nidalbarsa8138,UCN2pAUFMLAg9-njIg5Sw0-w,http://www.youtube.com/@nidalbarsa8138,0,,,,,,1,,,,
UgziXffqPj2AMjr_Evl4AaABAg,0,0,45312.7243634259,Ø´ÙƒØ±Ø§ Ù‚Ù†Ø§Ø© Ø¹Ø¨Ø±ÙŠØ© Ø¨Ø§Ù…ØªÙŠØ§Ø²,"Thank you, Hebrew channel par excellence",@abdelrhniamine6307,UCp7u25FNFm7b8YrKB8gTGSQ,http://www.youtube.com/@abdelrhniamine6307,0,,,,,,1,,,,
UgznqnHX-XGMgucrV3l4AaABAg,0,0,45287.8571180556,âœŒâœŒâœŒâœŒâœŒâœŒ,âœŒâœŒâœŒâœŒâœŒâœŒ,@bayadrasul2285,UCDgH1aJfCo3IrM2EGENHR_g,http://www.youtube.com/@bayadrasul2285,0,,,,,,1,,,,
Ugx9ZTo_ZvWs_3_lQ4R4AaABAg,0,0,45264.8113541667,Ø§Ù„Ø¹Ø±Ø¨ÙŠØ© ÙØªØ§Ù„Ø©,Arabian Fattala,@user-yh5pt4jq9g,UC5u4mypKBcmuMhf6A6iSfFw,http://www.youtube.com/@user-yh5pt4jq9g,0,,,,,,1,,,,
Ugx4YQHzg9rxWGFnem94AaABAg,0,0,45263.7442476852,Ù„ÙƒÙ† Ø§Ù„ÙÙŠØ¯ÙŠÙˆ Ù‚Ø¯ÙŠÙ…,But the video is old,@user-vv2po6bh6p,UC8auDhXSN1K7_xdXOveCRAw,http://www.youtube.com/@user-vv2po6bh6p,0,,,,,,1,,,,
UgwbZSGFntAZlZvy_IR4AaABAg,0,0,45262.7437268519,Ù‡Ùˆ ÙÙŠÙ† Ø§Ù„Ø±Ø¹Ø¨ Ø¯Ù‡ğŸ˜‚ğŸ˜‚ğŸ˜‚,Where's the horror?,@safsafasasa9961,UCfqevATlLaVy_wy7HitwVSg,http://www.youtube.com/@safsafasasa9961,0,,,,,,1,,,,
UgwbAy1daWCk81KiydJ4AaABAg,0,0,45262.2535185185,Ù‚Ù†Ø§Ø© Ø§Ù„Ø¹Ø¨Ø±ÙŠØ© ØªØµÙ Ø§Ù„Ø´Ù‡Ø¯Ø§Ø¡ Ø¨Ø§Ù„Ù‚ØªÙ„Ù‰ .. Ø§Ù†Ù‡Ø§ Ø§Ù„Ù…Ù‡Ù†ÙŠØ© .. Ø§Ù†Ù‡Ø§ Ø§Ù„Ù…Ù‡Ø§Ù†Ø© ÙˆØ§Ù„Ù…Ø°Ù„Ø© ÙˆØ§Ù„Ø®Ù†ÙˆØ¹,The Hebrew channel describes the martyrs as dead. It's professionalism. It's humiliation and humiliation and subservience,@douibsalim2573,UCnZ7fK6W3BctV1t2eOrk62w,http://www.youtube.com/@douibsalim2573,0,,,,,,1,,,,
UgygMLOooOSDINAZ0tl4AaABAg,0,0,45260.6054050926,Ø§Ù„Ù„Ù‡Ù… Ø§Ù†ØµØ± Ø§Ù„Ø´Ø¹Ø¨ Ø§Ù„ÙÙ„Ø³Ø·ÙŠÙ†ÙŠ,May God give victory to the Palestinian people,@user-ij7cg3jo8r,UC2f_ORslrJ4bgdxMeOMk4uQ,http://www.youtube.com/@user-ij7cg3jo8r,0,,,,1,,,,,,
UgxIw48jHxKAenlgB854AaABAg,0,0,45258.1519212963,ØŒğŸ¤²ğŸ¤²â™¥ï¸â™¥ï¸â™¥ï¸â™¥ï¸,ğŸ¤²ğŸ¤²ğŸ¤²â™¥ï¸â™¥ï¸â™¥ï¸â™¥ï¸,@MohamedKoulibli,UC5DwJeukH7UZhDK34z-ax_g,http://www.youtube.com/@MohamedKoulibli,0,,,,1,,,,1,,
UgxlKGiLnJPUDKlDzax4AaABAg,0,0,45254.2865162037,Ø§Ù„Ù„Ù‡Ù… Ø§Ù†ØµØ± Ø§Ø®ÙˆØ§Ù†Ù†Ø§ Ø§Ù„Ù…Ø³Ù„Ù…ÙŠÙ† ÙÙŠ ÙÙ„Ø³Ø·ÙŠÙ† ÙˆØºÙŠØ±Ù‡Ø§ Ù…Ù† Ø¨Ù„Ø§Ø¯ Ø§Ù„Ù„Ù‡.. Ø§Ù„Ù„Ù‡Ù… Ø¹Ù„ÙŠÙƒ Ø¨Ø£Ø¨Ù†Ø§Ø¡ Ø§Ù„Ø®Ù†Ø§Ø²ÙŠØ±.,"O Allah, help our Muslim brothers in Palestine and other countries of Allah. O God, curse the sons of pigs.",@bakhtielhoussine411,UC6O2qJRaQMd4bmb2KGBEh7g,http://www.youtube.com/@bakhtielhoussine411,0,,,,,,,,,,
UgwQ4Dz1xYlqTNzy-wx4AaABAg,0,0,45252.361724537,Ø§Ù„Ù„Ù‡Ù… Ø§Ù†ØµØ± Ø§Ø®ÙˆØ§Ù†Ù†Ø§ ÙÙŠ ÙÙ„Ø³Ø·ÙŠÙ† â¤,"O God, help our brothers in Palestine â¤",@user-sx6eg4sw1r,UCpDQ4mHdAutiDpCJeD2Q-AA,http://www.youtube.com/@user-sx6eg4sw1r,0,,,,1,,,,,,
UgzbXBncQhxOneC6Myt4AaABAg,0,0,45249.7166319444,"ÙˆØ¨Ø­Ø³Ø¨ Ø±Ø¦ÙŠØ³ ÙˆØ­Ø¯Ø© Ø§Ù„Ø¯Ø±Ø§Ø³Ø§Øª ÙˆØ§Ù„ØªÙˆØ«ÙŠÙ‚ ÙÙŠ Ù‡ÙŠØ¦Ø© Ø§Ù„Ø£Ø³Ø±Ù‰ ÙˆØ§Ù„Ù…Ø­Ø±Ø±ÙŠÙ† Ø¹Ø¨Ø¯ Ø§Ù„Ù†Ø§ØµØ± ÙØ±ÙˆØ§Ù†Ø©ØŒ ÙØ¥Ù†Ù‘Ù Ø¥Ø³Ø±Ø§Ø¦ÙŠÙ„ Ù…Ø§ Ø²Ø§Ù„Øª ØªØ­ØªØ¬Ø² Ø£ÙƒØ«Ø± Ù…Ù† 370 Ø¬Ø«Ù…Ø§Ù†Ø§Ù‹ Ù„Ø´Ù‡Ø¯Ø§Ø¡ ÙÙ„Ø³Ø·ÙŠÙ†ÙŠÙŠÙ† ÙˆØ¹Ø±Ø¨ Ø§Ø³ØªØ´Ù‡Ø¯ÙˆØ§ ÙÙŠ Ø¸Ø±ÙˆÙ Ù…Ø®ØªÙ„ÙØ© ÙˆØ³Ù†ÙˆØ§Øª Ù…ØªØ¨Ø§Ø¹Ø¯Ø©ØŒ Ù…Ø¶ÙŠÙØ§Ù‹: \""Ø¥Ù† Ù„Ø§Ø¦Ø­Ø© Ù‡Ø¤Ù„Ø§Ø¡ Ø§Ù„Ø´Ù‡Ø¯Ø§Ø¡ Ø§Ù„Ù…Ø­ØªØ¬Ø²ÙŠÙ† ØªØ¶Ù… Ø£Ø´Ø®Ø§ØµØ§Ù‹ Ø§Ø³ØªØ´Ù‡Ø¯ÙˆØ§ Ù…Ù† Ø§Ù„Ø³Ø¨Ø¹ÙŠÙ†ÙŠØ§Øª Ø¥Ù„Ù‰ Ø­Ø¯ÙˆØ¯ Ø¹Ø§Ù… 2023\"". Ù„Ù… ÙŠÙƒØªÙÙ Ø§Ù„ÙƒÙŠØ§Ù† Ø§Ù„ØµÙ‡ÙŠÙˆÙ†ÙŠ Ø¨Ø³Ø±Ù‚Ø© Ø§Ù„Ø£Ø±Ø§Ø¶ÙŠ Ø§Ù„ÙÙ„Ø³Ø·ÙŠÙ†ÙŠØ©ØŒ Ø¨Ù„ ÙˆØ¶Ø¹ Ø®Ø·Ø© Ù…Ø³Ø¨Ù‚Ø© Ù„ØªØ£Ø³ÙŠØ³ Ø£ÙƒØ¨Ø± \""Ø¨Ù†Ùƒ Ø¬Ù„ÙˆØ¯\"" ÙÙŠ Ø§Ù„Ø¹Ø§Ù„Ù…ØŒ ÙˆÙ†Ø¬Ø­ ÙÙŠ Ø°Ù„Ùƒ Ø¹Ù„Ù‰ Ø­Ø³Ø§Ø¨ Ø§Ù„ÙÙ„Ø³Ø·ÙŠÙ†ÙŠÙŠÙ† Ø¨Ø·Ø±Ù‚ ØºÙŠØ± Ø´Ø±Ø¹ÙŠØ© ÙƒØ¹Ø§Ø¯ØªÙ‡ØŒ ÙˆÙƒØ§Ù† Ù…Ù† Ø¨Ù†ÙˆØ¯ Ø®Ø·ØªÙ‡ Ø³Ø±Ù‚Ø© Ø£ÙƒØ¨Ø± ÙƒÙ…ÙŠØ© Ù…Ù…ÙƒÙ†Ø© Ù…Ù† Ø§Ù„Ø£Ù†Ø³Ø¬Ø© ÙˆØ§Ù„Ø¬Ù„ÙˆØ¯ ÙˆØ§Ù„Ø£Ø¹Ø¶Ø§Ø¡ Ø§Ù„Ø¨Ø´Ø±ÙŠØ© Ù…Ù† Ø£Ø¬Ø³Ø§Ø¯ Ø§Ù„Ø´Ø¹Ø¨ Ø§Ù„ÙÙ„Ø³Ø·ÙŠÙ†ÙŠØŒ ÙˆÙ‡Ø°Ø§ Ù…Ø®Ø§Ù„Ù Ù„Ù‚Ø§Ù†ÙˆÙ† Ø§Ù„ØªØ¨Ø±Ø¹ Ø¨Ø§Ù„Ø£Ø¹Ø¶Ø§Ø¡ ÙˆØ§Ù„Ø£Ù†Ø³Ø¬Ø© Ø§Ù„Ø¨Ø´Ø±ÙŠØ© ÙÙŠ Ø§Ù„Ø¹Ø§Ù„Ù…ØŒ ÙÙ…Ù† Ø§Ù„Ø¨Ù†ÙˆØ¯ Ø§Ù„Ø£Ø³Ø§Ø³ÙŠØ© Ù„Ù†Ø²Ø¹ Ø§Ù„Ø£Ø¹Ø¶Ø§Ø¡ Ù…Ù† Ø§Ù„Ø£Ø¬Ø³Ø§Ø¯ Ø§Ù„Ø¨Ø´Ø±ÙŠØ© Ø§Ù„ØªØ£ÙƒØ¯ Ù…Ù† ÙˆÙØ§Ø© Ø§Ù„Ø´Ø®Øµ Ø£ÙˆÙ„Ø§Ù‹ØŒ Ø«Ù… Ø§Ù„Ø­ØµÙˆÙ„ Ø¹Ù„Ù‰ Ù…ÙˆØ§ÙÙ‚Ø© Ø®Ø·ÙŠØ© Ù…Ù† Ø¹Ø§Ø¦Ù„ØªÙ‡. ÙˆÙÙŠ Ø­Ø§Ù„ Ø¹Ø¯Ù… Ø§Ù„Ù…ÙˆØ§ÙÙ‚Ø©ØŒ Ù„Ø§ ÙŠØ³Ù…Ø­ Ø¨Ø¥Ø²Ø§Ù„Ø© Ø£ÙŠ Ø¹Ø¶ÙˆØŒ ÙˆÙ„Ø£ÙŠ Ø³Ø¨Ø¨ ÙƒØ§Ù†. ÙˆÙÙŠ Ø­Ø§Ù„ Ø¹Ø¯Ù… Ù…Ø¹Ø±ÙØ© Ù‡ÙˆÙŠØ© Ø§Ù„Ù…ØªÙˆÙÙ‰ ÙˆØ¹Ø¯Ù… Ø§Ù„ØªÙˆØµÙ„ Ø¥Ù„Ù‰ Ø£Ø­Ø¯ Ù…Ù† Ø¹Ø§Ø¦Ù„ØªÙ‡ØŒ ÙŠÙ…Ù†Ø¹ Ø£ÙŠØ¶Ø§Ù‹ Ø§Ù†ØªØ²Ø§Ø¹ Ø£Ø¹Ø¶Ø§Ø¦Ù‡.","According to Abdul Nasser Farwana, head of the Studies and Documentation Unit at the Prisoners and Liberators Authority, Israel is still holding more than 370 bodies of Palestinian and Arab martyrs who were martyred in different circumstances and years apart, adding: \""The list of these detained martyrs includes people who were martyred from the 1970s to 2023.\"" The Zionist entity was not satisfied with stealing Palestinian lands, but developed a prior plan to establish the largest \""skin bank\"" in the world, and succeeded in doing so at the expense of the Palestinians in illegal ways as usual, and one of the items of its plan was to steal the largest possible amount of tissues, skins and human organs from the bodies of the Palestinian people, and this is contrary to the law of human organ and tissue donation in the world, as one of the basic provisions of removing organs from human bodies is making sure that the person dies first, then obtaining written consent from his or her family. In the absence of consent, no organ is allowed to be removed, for any reason whatsoever. If the identity of the deceased is unknown and no family member can be reached, the removal of organs is also prohibited.",@user-dp2hd9fn1m,UCevPVVrAuHp7WejVWgz1CDQ,http://www.youtube.com/@user-dp2hd9fn1m,0,,,,,,,,1,,
UgzJyGLfYShtyVSszcV4AaABAg,0,0,45249.0325115741,Ù‚Ù†Ø§Ù‡ Ø§Ù„Ø­Ø¯Ø« ÙˆØ§Ù„Ø¹Ø±Ø¨ÙŠÙ‡ ØµÙ‡ÙŠÙˆÙ†ÙŠÙ‡ Ø§ÙƒØªØ± Ù…Ù† Ø§Ù„ØµÙ‡Ø§ÙŠÙ†Ù‡ Ø¯Ù‚Ù‚ÙˆØ§ Ù…Ø¹ Ø§Ù„ÙƒÙ„Ù…Ø§Øª ÙˆØ§Ù„ÙˆØµÙ Ø§Ù†Ù‡Ù… ÙƒÙ„Ø§Ø¨ Ø§Ù„ÙŠÙ‡ÙˆØ¯ Ø§Ù„Ù…ÙˆØ¬Ù‡ÙŠÙ† Ù„Ù„Ø´Ø¹ÙˆØ¨ Ø§Ù„Ø¹Ø±Ø¨ÙŠÙ‡,"Al-Hadath and Al-Arabiya are more Zionist than the Zionists, be careful with the words and description, they are the dogs of the Jews directed to the Arab peoples.",@mohmedgouda-im2jt,UCT58AkQVAwx1tVZ5BJduXlA,http://www.youtube.com/@mohmedgouda-im2jt,0,,,,1,,1,,1,,
UgzF9pfDim7Wr1vvhuV4AaABAg,0,0,45247.1278356482,Ø¨ØµÙˆØ§ Ø§Ù„Ù‚Ù†Ø§Ù‡ Ø§Ù„ØµÙ‡ÙŠÙˆØ§Ù†ÙŠÙ‡ Ø¨ØªÙ‚ÙˆÙ„ Ø¹Ù†Ø§ØµØ± Ø­Ù…Ø§Ø³ ÙˆÙ„ÙŠØ³ Ø§Ù„Ù…Ù‚Ø§ÙˆÙ…Ù‡ Ø§Ù„Ù„Ù‡Ù… Ø§Ù†Øª ÙŠ Ø±Ø¨ÙŠ ØªØ¹Ù„Ù… Ø§Ù†Ø§ Ù‡Ø¤Ù„Ø§Ø¡ Ù‡Ù… Ø®ÙˆÙ†Ù‡ ÙˆÙ…ØªØ§Ù…Ø±ÙŠÙ† ÙˆÙ„Ø§ ÙŠØ±ÙŠØ¯ÙˆÙ† Ù†ØµØ±Ù‡ Ø£Ù‡Ù„Ù†Ø§ Ùˆ Ù…Ù‚Ø§ÙˆÙ…ØªÙ†Ø§ ÙÙŠ ÙÙ„Ø³Ø·ÙŠÙ† ÙˆØºØ²Ù‡ Ø§Ù„Ù„Ù‡Ù… Ø§Ø¬Ø¹Ù„ Ø¯Ø§Ø¦Ø±Ù‡ Ø§Ù„Ø³ÙˆØ¡ Ø¹Ù„ÙŠÙ‡Ù… ÙŠØ§Ø±Ø¨ Ø§Ù„Ø¹Ø§Ù„Ù…ÙŠÙ† ÙˆØ§Ø®Ø²ÙŠÙ‡Ù… ÙÙŠ Ø§Ù„Ø¯Ù†ÙŠØ§ ÙˆØ§Ù„Ø§Ø®Ø±Ù‡,"The Zionist channel says Hamas elements and not the resistance, O God, you know that these are traitors and conspirators who do not want to support our people and our resistance in Palestine and Gaza, O God, make the circle of misfortune on them, Lord of the Worlds, and shame them in this world and the next.",@user-nn9mc2hl4v,UCmxfjHVKmZ9SfNk7Qa2Pdjg,http://www.youtube.com/@user-nn9mc2hl4v,0,,,,1,,1,,1,,
UgyI17uDKWYCDnZx5Lh4AaABAg,0,0,45240.8391203704,Ø§Ù„Ù„Ù‡Ù… Ù†ØµØ±Ùƒ Ù„Ø§Ø®ÙˆØ§Ù†Ù†Ø§ ÙÙŠ ÙÙ„Ø³Ø·ÙŠÙ† Ø§Ù„Ù„Ù‡Ù… Ø´Ø¯ Ø§Ø²Ø±Ù‡Ù… ÙˆØ¬Ø¹Ù„ Ø§Ù„Ø¯Ø§Ø±Ù‡ Ø¹Ù„Ù‰ Ø¹Ø¯ÙˆÙ‡Ù… Ø§Ù„Ù„Ù‡Ù… Ø§Ù…Ù† Ø®ÙˆÙÙ‡Ù… ÙˆØ§Ø­ÙØ¶Ù‡Ù… Ø¨Ø­ÙØ¶Ùƒ ÙˆØ¯Ù…Ø± Ø¹Ø¯ÙˆÙ‡Ù… ÙŠØ§Ø¹Ø²ÙŠØ² ÙŠØ§Ù‚Ø¯ÙŠØ±,"O God, your victory for our brothers in Palestine, O God, strengthen their support and make the circle on their enemy, O God, secure their fear, protect them with your favor, and destroy their enemy, O God, Almighty, O Almighty.",@user-xw3ho1cj2m,UCEPdnwcq-sx92AntHlvBgoQ,http://www.youtube.com/@user-xw3ho1cj2m,0,,,,1,,,,1,,
UgypdaeCBdHTV2Am1wV4AaABAg,0,0,45239.7862731482,Ù…Ù† Ù…ØµØ± Ø§Ù„Ù…Ø¬Ø¯ Ù„ÙÙ„Ø³Ø·ÙŠÙ†,From Egypt to Palestine,@HananM-hc3yq,UCt4FVYhnErLGgTYDRjcMGYw,http://www.youtube.com/@HananM-hc3yq,0,,,,1,,,,,,
Ugy9HQaZJp8TN4VwwhZ4AaABAg,0,0,45239.0700578704,Ù‚Ù†Ø§Ø© Ø§Ù„Ø­Ø¯Ø« ØªÙ‚ÙˆÙ„ Ø¹Ù†Ø§ØµØ± Ù…Ù† Ø­Ù…Ø§Ø³ ÙˆØ¬Ù†ÙˆØ¯ ÙˆØ¬ÙŠØ´ Ø§Ø³Ø±Ø§Ù‰ÙŠÙ„ Ù‡Ù‡Ù‡Ù‡Ù‡Ù‡Ù‡Ù‡ Ø¹Ù„ÙŠÙƒÙ… Ø§Ù„Ø¹Ù†Ù‡ ÙŠØ§ Ø§Ø¹Ù„Ø§Ù… Ø§Ù„Ø¹Ø±Ø¨ Ø§Ù„Ù…Ø·Ø¨Ø¹ Ø§Ù„ØµÙ‡ÙŠÙˆÙ†ÙŠ,"Al-Hadath TV says Hamas operatives, soldiers and the Israeli army, hehehehehehehehehehehehehehehehehehehehehehehehehehehehehehehehehehehehehehehehehehehehehehehehe",@user-jq7vk2wt2k,UCcHVwXmn1Xqkx7HkWRgu-Vg,http://www.youtube.com/@user-jq7vk2wt2k,0,,,,,,1,,,,
Ugxk9WVtKrmFFG3sNSd4AaABAg,0,0,45233.2564814815,Ù‚Ù†Ø§Ø© Ø¹Ù…ÙŠÙ„Ø© Ù„Ù„ØµÙ‡Ø§ÙŠÙ†Ø©.Ù…Ø¹Ø±ÙˆÙ Ø®Ø·ÙƒÙ… ÙˆØ§Ù†ØªÙ…Ø§Ø¦ÙƒÙ… Ù…Ø«Ù„ ÙˆØ¶ÙˆØ­ Ø§Ù„Ø´Ù…Ø³,"A Zionist proxy channel, your line and affiliation is as clear as day.",@oreymediaoreymedia7410,UCwi3SAhez7TUeqALkbbGxng,http://www.youtube.com/@oreymediaoreymedia7410,0,,,,,,1,,,,
Ugxx5oLUjW8xhhi9Q454AaABAg,0,1,45232.807349537,Ø§Ù„Ù„Ù‡Ù… Ø§Ù†ØµØ± Ø§Ø®ÙˆØ§Ù†Ù†Ø§ ÙÙ‰ ÙÙ„Ø³Ø·ÙŠÙ† Ø¢Ù…ÙŠÙ† ÙŠØ§Ø±Ø¨ Ø§Ù„Ø¹Ø§Ù„Ù…ÙŠÙ†,"O God, help our brothers in Palestine, Amen, Lord of the Worlds.",@user-ur8xn3vp8x,UCtj3hB1dEyJ1eLezKxmcsEw,http://www.youtube.com/@user-ur8xn3vp8x,0,,,,1,,,,,,
Ugy8jrDLuIAUG0bKMip4AaABAg,0,0,45232.7928819444,Ø®Ø§ÙÙˆØ§ Ø§Ù„Ù„Ù‡ ÙŠØ§ Ø§Ù„Ø¹Ø±Ø¨ÙŠÙ‡ ÙˆØ£Ù†ØªÙ ÙŠØ§Ù„Ø¨Ù†Øª Ø§Ø³ØªØ­ÙŠ Ù…Ù† Ø§Ù„Ù„Ù‡,"Fear God, O Arab woman, and you, girl, fear God.",@user-wh4vw3km2v,UCcrwJBJgbv_jkyxo9L7AHog,http://www.youtube.com/@user-wh4vw3km2v,0,,,,,,,,,,
Ugz_NT053_O18pOllZR4AaABAg,0,1,45232.5706365741,Ø§Ù„Ù„Ù‡Ù… Ù‡Ø§Ø¤Ù„Ø§Ø¡ Ø¬Ù†Ø¯Ùƒ ÙÙƒÙ† Ù„Ù‡Ù… Ù…Ø¹ÙŠÙ†Ø§ ÙˆÙ†ØµÙŠØ±Ø§,"O God, these are your soldiers, so help and support them.",@user-te2wt4ed4z,UCHtHxNVfN0WiwC_hyQqwO2w,http://www.youtube.com/@user-te2wt4ed4z,0,,,,1,,,,,,
Ugyo65dcq_oLYVG7MH14AaABAg,0,0,45231.9091898148,Ø§Ù„Ù„Ù‡Ù….Ø§Ù†ØµØ±.Ø§Ø®ÙˆÙ†Ù†Ø§.ÙÙŠ.ØºØ²Ù‡..ÙˆØ³Ø¯Ø¯.Ø±Ù…ÙŠÙ‡Ù….ÙˆØ«Ø¨Øª.Ø§Ù‚Ø¯Ø§Ù…Ù‡Ù…..ÙˆÙ…Ø¯Ù‡Ù….Ø¨Ø¹ÙˆÙ†Ùƒ.ÙˆÙ†ØµØ±Ùƒ.ÙŠØ§Ø±Ø¨.ÙŠØ§Ø§Ù„Ù„Ù‡,"O God, give victory to our brothers in Gaza, shoot at them, steady their feet, and support them with your help and victory, O God.",@user-od9tu3lz4q,UCaw5WGvW4eNmUN9MUDuY5mA,http://www.youtube.com/@user-od9tu3lz4q,0,,,,1,,,,,,
Ugw1HqJzGxRL1i0664p4AaABAg,0,0,45229.9277662037,Ø§Ù…Ø§Ø±Ø§Øª Ø¹Ø±Ø¨ÛŒ Ù…ØªØ­Ø¯Ù‡ Ø¢Ø¨Ø±ÙˆÛŒÛŒ Ù…Ø³Ù„Ù…Ø§Ù†Ø§Ù† Ø±Ø§Ø¨Ø±Ø¯ Ø¨Ø§Ø¢Ù† Ù†Ù…Ø§ÛŒÙ†Ø¯Ù‡ Ø´ÙˆÙ† Ø¯Ø± Ø³Ø§Ø²Ù…Ø§Ù† Ù…Ù„Ù„ Ø¨Ø§Ø§ÛŒÙ† Ø³ÙŠØ§Ø³Øª Ø§Ù„ØªÙ…Ø§Ø³ Ø§Ø² Ú©ÙØ§Ø± Ù…ÛŒâ€ŒÚ©Ù†Ø¯ ÙˆÙ‡ÛŒÚ† Ú©Ø§ÙØ±ÛŒ Ù‡Ù… Ø¢Ø¯Ù… Ø­Ø³Ø§Ø¨ Ø´ÙˆÙ† Ù†Ù…ÛŒâ€ŒÚ©Ù†Ø¯ Ø¨Ø§ÙŠØ¯ Ø§Ø² Ø®Ø¯Ø§ÙˆÙ†Ø¯ Ù…ØªØ¹Ø§Ù„ ØªØ±Ø³ÛŒØ¯ Ú©Ù‡ Ø±Ø§Ù‡ ÙØ±Ø§Ø±ÙŠ Ø¯Ø±Ù…Ù‚Ø§Ø¨Ù„Ø´ Ù†Ø¯Ø§Ø±ÛŒÙ… ÙØ±Ø¯Ø§ÛŒ Ù‚ÛŒØ§Ù…Øª Ø§ÛŒÙ† Ø¯Ù†ÛŒØ§ ØªØ§Ø²Ù†Ø¯Ù‡ Ù‡Ø³ØªÛŒÙ… Ø²Ù†Ø¯Ú¯ÛŒ ØºÙ… ÙˆØ´Ø§Ø¯ÛŒ Ø´Ø§Ø¯Ø§Ø±Ø¯ Ø­ØªØ§ Ù‡Ù…ÛŒÙ† Ø§Ù„Ø§Ù† Ø¯Ø± ØºØ²Ù‡ Ù…Ø³Ù„Ù…Ø§Ù† Ù‚Ø±Ø§Ø± Ù†ÙŠØ³Øª Ú©Ù‡ Ù‡Ø±Ø°Ù„ØªÛŒ Ù‚Ø¨ÙˆÙ„ Ú©Ù†Ø¯ Ú©Ù‡ Ø¯Ù†ÛŒØ§ÛŒ Ù…Ù† Ø®Ø±Ø§Ø¨ Ù†Ø´ÙˆØ¯ ÛŒØ§ÙÙ‚ÛŒØ± Ù†Ø´ÙˆÙ… ÙˆÛŒØ§Ú©Ø´ØªÙ‡ Ù†Ø´ÙˆÙ… Ù…Ø±Ú¯ Ø®ÙˆØ¯Ø´ Ø§Ú¯Ø± Ø¯Ø±Ø±Ø§Ù‡ Ø®Ø¯Ø§ Ø¨Ø§Ø´Ø¯ Ø®ÙˆØ¯Ø´ Ù¾ÛŒØ±ÙˆØ²ÛŒ ÙˆØ¬Ø´Ù† ÙˆØ§Ù‚Ø¹ÛŒ Ø§Ø³Øª,"The United Arab Emirates (UAE) Abroad, with the support of the United Arab Emirates (UAE), and the UAE's policy of petitioning the infidels, and the infidels themselves Adam's account, we must seek the help of the Almighty God, because we have no way to flee against him. Qiyamat this world is Tazendeh we are living a life of grief and sadness Shadard until now there is no decision now in Gaza Muslims are not a decision to accept that my world will not be ruined, Yafqir Nashom and Yakshteh Nashom Marriage itself, if it is God's will, it is a real Pyrrhosi and Jashn is a reality.",@user-ei7dh3fk1n,UC6ppPqJ-F1x1QFg1eolVX6Q,http://www.youtube.com/@user-ei7dh3fk1n,0,,,,1,,,,,,1
UgzHEm5OUTVnV0K6lMV4AaABAg,0,0,45229.9211458333,Ù…Ø¨Ø§Ø±Ø²Ù‡ Ø¬Ø§Ù†Ø§Ù†Ù‡ Ù…ÛŒØ·Ù„Ø¨Ø¯ Ú©Ù‡ Ù‡Ø±Ú¯Ø² Ø¯Ù„ Ø¨Ù‡ Ú©ÙØ§Ø± Ù†Ø¨Ù†Ø¯Ø¯ ØªØ§ Ù¾ÛŒØ±ÙˆØ²ÛŒ ÙˆØ§Ù‚Ø¹ÛŒ Ø±Ø§ Ø¨Ù‡ Ø§Ø±Ù…ØºØ§Ù† Ø¨ÛŒØ§ÙˆØ±Ù†Ø¯,The battle of Jananeh is a long drawn out process that will never allow the infidels to gain a real victory over the Armageddon.,@user-ei7dh3fk1n,UC6ppPqJ-F1x1QFg1eolVX6Q,http://www.youtube.com/@user-ei7dh3fk1n,0,,,,1,,,,1,,
UgxrbJ4C0Qg4HL_jlvZ4AaABAg,0,0,45229.9197800926,Ù…Ø§Ù†ÛŒØ§Ø² Ø¨Ù‡ Ø§ÙŠÙ…Ø§Ù† Ø¬Ù‡Ø§Ø¯ Ø¯Ø§Ø±ÛŒÙ… Ø¯Ø±Ù…Ù‚Ø§Ø¨Ù„ Ú©ÙØ§Ø± Ù†Ù‡ Ø§Ø±ØªØ´ Ø¬ÛŒØ±Ø®ÙˆØ§Ø± Ù…ØµØ± ÛŒØ§Ø§Ù…Ø§Ø±Ø§Øª Ú©Ù‡ Ù‡Ù…Ø´ ØªÙ„Ø§Ø´ Ù…ÛŒâ€ŒÚ©Ù†Ø¯ Ø¨Ú¯ÙˆÛŒØ¯ Ø¨ÙŠØ§Ø¦ÙŠÙ… Ø¨Ø§Ú©ÙØ§Ø±Ø¯ÙˆØ³Øª Ø´ÙˆÛŒÙ… Ù„Ø²Øª Ø¯Ø±Ø§ÛŒÙ† Ø¬Ø§Ø³Øª,"We believe in jihad against the infidels, not the artificial jihad of Egypt or the UAE, which is the only way to fight against the infidels.",@user-ei7dh3fk1n,UC6ppPqJ-F1x1QFg1eolVX6Q,http://www.youtube.com/@user-ei7dh3fk1n,0,,,,1,,,,1,1,1
Ugy6BNYxNDdn3fXhtht4AaABAg,0,0,45229.0723958333,Ø§Ù„Ø§Ø¹Ù„Ø§Ù… Ø§Ù„Ø¹Ø±Ø¨ÙŠ Ø§Ø­Ø³Ù‡ Ù…ØªØ¹Ø§Ø·Ù Ù…Ø¹ Ø§Ø³Ø±Ø§Ø¦ÙŠÙ„ØŒØŒ Ø±ØºÙ… Ø§Ù† Ø§Ù„ÙŠÙ‡ÙˆØ¯ ÙƒÙ„Ù‡Ù… ÙŠØ¯ ÙˆØ§Ø­Ø¯Ù‡ ğŸ˜¢,"The Arab media feels sympathetic to Israel, even though the Jews are all one hand ğŸ˜¢",@user-pw5iv9bx6b,UCZcgE0cbAAtahLdP062Upqg,http://www.youtube.com/@user-pw5iv9bx6b,0,,,,,,1,,,,
UgyRtKc3OiRFzToHyox4AaABAg,0,0,45222.890625,ÙŠØ§Ø±Ø¨ Ø¨Ø­Ù‚ Ù…Ø­Ù…Ø¯ ÙˆØ§Ù„ Ù…Ø­Ù…Ø¯ Ø§Ù†ØµØ± Ø§Ù„Ø­Ù‚ Ø§Ù†ØµØ± Ø§Ù„Ù…Ø³ØªØ¶Ø¹ÙÙŠÙ† Ø§Ù†ØµØ± Ø§Ù„ÙÙ„Ø³Ø·ÙŠÙ†ÙŠÙŠÙ† ÙˆØ§Ù„Ø¹Ø±Ø§Ù‚ÙŠÙŠÙ† ÙŠØ§Ø±Ø¨Ù†Ø§ Ø§Ù„Ø¹Ø¸ÙŠÙ…,"O Lord, by the name of Muhammad and Muhammad's family, support the right, support the underdog, support the Palestinians and the Iraqis, our great Lord.",@IRAQI-3I3,UC8HVUezKXklZ6_qocmh53rA,http://www.youtube.com/@IRAQI-3I3,0,,,,1,,,,,,
UgzBUzYZ54T3TmzTQeZ4AaABAg,0,0,45222.6066550926,Ù„Ø§ ØºØ§Ù„Ø¨ Ø§Ù„Ø§ Ø§Ù„Ù„Ù‡,There is no one else but God.,@anwaaralansari9216,UCRLuXBNg0YdlszqhZStaUvA,http://www.youtube.com/@anwaaralansari9216,0,,,,,,,,,,
UgzbbDQhMzruLC5UpfN4AaABAg,0,0,45220.9819212963,Ø§Ù„Ø¬Ù†Ø¯ÙŠ Ø§Ù„ØµÙ‡ÙŠÙˆÙ†ÙŠ ÙŠØªØ®Ø° Ø³ÙŠØ§Ø±Ø© Ù…Ø¯Ù†ÙŠØ© ÙƒØ³Ø§ØªØ±,Zionist soldier uses civilian car as cover,@muammarnassar8890,UCesqJ2EA43Zu_g3jvXLTJ_g,http://www.youtube.com/@muammarnassar8890,0,,,,1,,1,,,,
UgzSplSAdtZDXZaMR3d4AaABAg,0,0,45219.8849305556,Ù†Ù‡Ø§ÙŠØ© Ø§Ø³Ø±Ø§Ù‰ÙŠÙ„ ÙˆØ§Ù„Ù„Ù‡ Ø§Ù‚ØªØ±Ø¨Øª,The end of Israel and God is near,@user-xb5db7fo8k,UCOYuqECJrNgv3ZxUnluiu5w,http://www.youtube.com/@user-xb5db7fo8k,0,,,,,,,,1,,
UgyWK7Zjg5gUrbC4Eet4AaABAg,0,0,45219.2973842593,Ù„Ø¹Ù†Ø© Ø§Ù„Ù„Ù‡ Ø¹Ù„ÙŠÙƒÙ… Ù‚Ù†Ø§Ø© Ø§Ù„Ø¹Ø¨Ø±ÙŠØ©,God damn you Hebrew Channel,@AzapAzap-ro5yq,UCxUpMMNsM0NADxGTXlBuN-w,http://www.youtube.com/@AzapAzap-ro5yq,0,,,,,,1,,,,
UgwlTs6kgxwnpB8kuZ14AaABAg,0,0,45219.0540856481,Ø§Ø´ØªØ¨Ø§Ùƒ Ø§Ù„Ù…Ù‚Ø§ÙˆÙ…Ø© Ù…Ø¹ Ø§Ù„ØªØ­ØªÙ„Ø§Ù„ ÙŠØ§ Ø¨Ù†Ø§Ø© Ø§Ù„Ù…ØªÙ†Ø§ÙƒÙŠÙ† ØªÙÙˆÙˆÙˆÙˆÙ‡,"Resistance clashes with the underground, Mutanakin Builders, check it out!",@kostakosta8095,UCZtQ6URM64a2zr6K-5Hr9rA,http://www.youtube.com/@kostakosta8095,0,,,,,,,,,,
Ugx0TorEu4IDxMhasWF4AaABAg,0,0,45219.0520833333,Ø§Ù„Ø¬ÙŠØ´ Ø§Ù„Ø§Ø³Ø±Ø§Ø¦ÙŠÙ„ÙŠ Ø§Ù„Ù„Ù‡ ÙŠÙ„Ø¹Ù†Ù‡Ø§ Ù‚Ù†Ø§Ù‡ Ø§Ø³Ù…Ù‡Ù… Ø§Ù„Ø§Ø­ØªÙ„Ø§Ù„ Ø§Ùˆ Ø¬ÙŠØ´ Ø§Ù„Ø§Ø­ØªÙ„Ø§Ù„,"The Israeli army, God damn it, is a channel called the occupation or the occupation army.",@user-bk8rq6un6f,UCdSi5hi6hHZRijqpXxbllMQ,http://www.youtube.com/@user-bk8rq6un6f,0,,,,,,1,,,,
UgznEu_a9_FTcvryncN4AaABAg,0,0,45218.6068055556,Ø§Ù„Ù„Ù‡Ù… Ø§Ù†ØµØ± Ø§Ø®ÙˆØ§Ù†Ù†Ø§ ÙÙŠ ÙÙ„Ø³Ø·ÙŠÙ† ÙˆØ¯Ù…Ø± Ø§Ø¹Ø¯Ø§Ø¡Ùƒ Ø§Ø¹Ø¯Ø§Ø¡ Ø¯ÙŠÙ† ÙŠØ§Ø±Ø¨ Ø§Ù„Ø¹Ø§Ù„Ù…ÙŠÙ†,"O God, support our brothers in Palestine and destroy your enemies, enemies of religion, Lord of the Worlds.",@user-xm7yf7mz6g,UCW1R3O7Hwd3riKtxRVHZQhA,http://www.youtube.com/@user-xm7yf7mz6g,0,,,,1,,,,1,,
UgxyBSsLxKjXuNEU-0F4AaABAg,0,0,45217.883125,Ø­Ù…Ø§Ø³ ÙƒÙ„Ø§Ø¨ Ø§Ù„ÙŠÙ‡ÙˆØ¯ ÙƒÙŠÙ ÙŠØ¹Ù†ÙŠ,"Hamas is a Jew's dog, what does that mean?",@user-wy4bm7ys2j,UCvQ2jexPlpgb73bSI-j38rw,http://www.youtube.com/@user-wy4bm7ys2j,0,,,,,,,,,,
Ugy77bBM8HjM_gnn7Kd4AaABAg,0,0,45217.7984375,Ø§Ø³Ù…Ù‡ Ø§ÙŠÙ‡Ø§ Ø§Ù„Ø­Ù…Ù‚Ø¦ Ø§Ù„Ø¹Ø¯Ùˆ Ø§Ù„Ø§Ø³Ø±Ø¦ÙŠÙ„ÙŠ Ø¹Ù„ÙŠÙƒÙ… Ù„Ø¹Ù†Ù‡ Ø§Ù„Ù„Ù‡ ØªØºØ·ÙŠÙŠØªÙƒÙ… Ø§Ù„Ø§Ø¹Ù„Ø§Ù…ÙŠÙ‡ Ù„ØµØ§Ù„Ø­ Ø§Ø³Ø±Ø¦ÙŠÙ„ Ø§Ù„Ù„Ù‡ ÙŠÙ„Ø¹Ù†ÙƒÙ…,"His name, you fools, the Israeli enemy, may God curse you for your media coverage in favor of Israel, may God curse you.",@user-hn7xc1kb2v,UCr-yumFXND11GWjDT3HHhlQ,http://www.youtube.com/@user-hn7xc1kb2v,0,,,,,,1,,,,
Ugyx9sZTwysL9vFps114AaABAg,1,0,45217.4787731482,Ø§Ù„Ø¬Ø²Ø§Ø¦Ø± Ù…Ø¹ ÙÙ„Ø³Ø·ÙŠÙ†,Algeria for Palestine,@user-vk8rc6ge9r,UCoR4vfmZ5N6vYGlRLfQimoQ,http://www.youtube.com/@user-vk8rc6ge9r,0,,,,1,,,,,,
Ugyx9sZTwysL9vFps114AaABAg.9w-ycq-ZCU59wFtXemPskv,NA,0,45223.6616319444,Ø§Ù„Ù…ØºØ±Ø¨ Ù…Ø¹ Ø§Ø³Ø±Ø§Ø¦ÙŠÙ„,Morocco with Israel,@Ahmed-ee4lc,UCFOjigYYk8fJ2l1kWN1V2kg,http://www.youtube.com/@Ahmed-ee4lc,1,Ugyx9sZTwysL9vFps114AaABAg,@user-vk8rc6ge9r,,,1,,,,,
UgxHDRjJlhQLS_ZXz3Z4AaABAg,0,0,45217.1728240741,ÙˆÙŠÙ†Ùƒ ØµØ¯Ø§Ù…,Wink Saddam,@user-ik4mw4fq1x,UCu5ON7KruCONz7oTSwy-0bg,http://www.youtube.com/@user-ik4mw4fq1x,0,,,,,,,,,,
UgxIzQo6Av01y4rMhsl4AaABAg,0,0,45217.0181712963,Ù„Ø¹Ù†Ø© Ø§Ù„Ù„Ù‡ Ø¹Ù„Ù‰ Ù‚Ù†Ø§Ø© Ø§Ù„Ø¹Ø±Ø¨ÙŠØ© ÙˆØ§Ù„Ø­Ø¯Ø« Ø§Ù„ÙŠÙ‡ÙˆØ¯ÙŠØ§Øª,God's curse on Al-Arabiya and Al-Hadath.,@peacefulpeaceful2000,UCeCABx-C1bAM16r3cTxrtxw,http://www.youtube.com/@peacefulpeaceful2000,0,,,,,,1,,,,
Ugz1-2UtbGPrHVdMdih4AaABAg,0,0,45216.9046759259,Ø§Ù„Ù„Ù‡ Ø§ÙƒØ¨Ø±,Allahu Akbar,@youcefLaRoka,UCZokQ9UO2v9cwuCHE5IQ16A,http://www.youtube.com/@youcefLaRoka,0,,,,,,,,,,
UgyAJdPafCvdYYWG23l4AaABAg,0,0,45216.8706944444,Ø§Ù„Ù„Ù‡Ù… Ø§Ù†ØµØ± Ø§Ø®ÙˆØ§Ù†Ù†Ø§ ÙÙŠ ÙÙ„Ø³Ø·ÙŠÙ† ÙˆØºØ²Ù‡ ÙˆØ«Ø¨ØªÙ‡Ù… ÙˆØ§Ù…Ø¯Ø¯Ù‡Ù… Ø¨Ù…Ø¯Ø¯ Ù…Ù† Ø¹Ù†Ø¯Ùƒ ÙŠØ§Ø±Ø¨ Ø§Ù„Ø¹Ø§Ù„Ù…ÙŠÙ†...,"O God, help our brothers in Palestine and Gaza, strengthen them and provide them with support from you, Lord of the Worlds...",@fatimakarara9913,UCp4OhIBFGu7Q6GYqtdQLDhg,http://www.youtube.com/@fatimakarara9913,0,,,,1,,,,,,
UgyKyUv9LOtAbVOYH8t4AaABAg,0,0,45216.8234143519,Ø§Ø³Ù…Ù‡Ù… Ø¬Ù†ÙˆØ¯ Ø§Ù„Ø§Ø­ØªÙ„Ø§Ù„ ÙˆÙ„ÙŠØ³ Ø¬Ù†ÙˆØ¯ Ø§Ø³Ø±Ø£ÙŠÙ„ÙŠÙŠÙ† Ø§Ù„Ù…ÙØ±ÙˆØ¶ Ù†Ø¨Ø¯Ø§ Ø¨ØªÙ‚ÙÙ„ Ù‡Ø§Ø°ÙŠ Ø§Ù„Ù‚Ù†ÙˆØ§Øª Ø£ÙˆÙ„Ø§,"They are called occupation soldiers, not Israeli soldiers.",@user-eg8ex5bk8d,UCeVgxBGW1YTvDpMcR6D3EbQ,http://www.youtube.com/@user-eg8ex5bk8d,0,,,,,,1,,1,,
UgxmH9z-egh6DkOi6wF4AaABAg,0,0,45216.7174884259,Ø§Ù„Ù„Ù‡Ù… Ø§ÙŠØ¯ Ù…Ø¬Ø§Ù‡Ø¯ÙŠÙ†Ø§ Ø¨Ù†ØµØ±Ùƒ ÙŠØ§ Ø±Ø¨,"O Lord, support our Mujahideen with your victory.",@ummutaz2329,UCS2e8DRaJuG-HAmKg_CwIfA,http://www.youtube.com/@ummutaz2329,0,,,,1,,,,,,
UgwhI8vKBDaA3ZCW0r14AaABAg,0,0,45216.6328472222,Ø§Ù„Ù„Ù‡Ù… Ø§Ù†ØµØ± Ø§Ø®ÙˆØ§Ù†Ù†Ø§ ÙÙŠ ÙÙ„Ø³Ø·ÙŠÙ† ÙŠØ§Ø±Ø¨ Ø§Ù„Ø¹Ø§Ù„Ù…ÙŠÙ† ÙˆØ±Ù‚Ø²Ù†Ø§ Ø§Ù„Ø¬Ù‡Ø§Ø¯ ÙƒÙ… Ø¹Ø¸ÙŠÙ… ÙŠØ§Ø±Ø¨ğŸ‡¾ğŸ‡ª ÙÙˆØ§Ù„Ù„Ù‡ Ø§Ù†Ù†ÙŠ Ù…Ø´ØªØ§Ù‚ ÙŠØ§Ø±Ø¨ Ø¥Ø°Ù† Ù„Ù†Ø§,"O God, support our brothers in Palestine, Lord of the Worlds, and promote jihad as a great thing ÙŠØ§Ø±Ø¨ğŸ‡¾ğŸ‡ª",@user-uz3js3hh1n,UCnSxeCwuhTwRGEVdgZxDIRg,http://www.youtube.com/@user-uz3js3hh1n,0,,,,1,,,,,1,
UgwwhZACY5X7r2JRMVp4AaABAg,0,0,45216.360474537,Ø§Ø³Ù…Ù‡ Ø¬ÙŠØ´ Ø§Ù„Ø§Ø­ØªÙ„Ø§Ù„ ÙƒÙØ§ÙŠØ§ Ø°Ù„ Ø§Ù„Ù„Ù‡ ÙŠØ°Ù„ÙƒÙ… Ø¯Ù†ÙŠØ§ ÙˆØ§Ø®Ø±Ù‡ Ø§Ù† Ù„Ù… ØªÙ†ØµØ±Ùˆ Ø§Ù„Ù…Ø³Ù„Ù…ÙŠÙ†,It's called the occupation army. God will humiliate you in this world and the next if you do not support the Muslims.,@hamdyzayed697,UCg7tjUTkW39To_NrJM5Dr-g,http://www.youtube.com/@hamdyzayed697,0,,,,1,,1,,1,,
UgzWsP7WiyVhkDOtOLh4AaABAg,0,0,45215.9328703704,Ø§Ù„Ù„Ù‡ Ø§ÙƒØ¨Ø± ÙˆØ§Ù„Ø¹Ø²Ø© Ù„Ù„Ù‡ ÙˆØ±Ø³ÙˆÙ„Ù‡ ÙˆØ§Ù„Ù…Ø¤Ù…Ù†ÙŠÙ† ğŸ¤²ğŸ‡µğŸ‡¸ Ø§Ù„Ø¹Ø±Ø¨ÙŠØ© Ø¹ÙÙˆØ§ Ø§Ù„Ø¹Ø¨Ø±ÙŠØ© Ø¹Ø§Ø§Ø§Ø§Ø§Ø§Ø§Ø§Ø§Ø§Ø§Ø§Ø§Ø± Ø¹Ù„Ù‰ Ø§Ù„Ø£Ù…Ø© Ø§Ù„Ø´Ø±ÙŠÙØ©,"God is great and the glory is for Allah, His Messenger and the believers ğŸ¤²ğŸ‡µğŸ‡¸ Arabic excuse me, Hebrew Aaaaaar on the honorable Ummah",@aknet17,UCptXkoni7VipqPe0WEy0_Ow,http://www.youtube.com/@aknet17,0,,,,1,,,,,,
Ugytw8g6tSk3TRO6djF4AaABAg,0,0,45215.932337963,Ø¨ÙƒÙ„ Ø¨Ø³Ø§Ø·Ù‡ Ø§Ù„ØªØ§Ø±ÙŠØ® ÙŠØ¹ÙŠØ¯ Ù†ÙØ³Ù‡ ØªØ¨ÙŠØ¹ Ø§Ù„Ù…Ø³Ù„Ù…ÙŠÙ† Ù„Ù„Ù…ØºÙˆÙ„ ÙˆØªØ¨ÙŠØ¹ Ø§Ù„Ø§Ù† Ù„Ù„ÙŠÙ‡ÙˆØ¯ Ù†ÙØ³ Ø§Ù„Ù†ØªÙŠØ¬Ù‡ Ù„Ø§ÙØ±Ù‚ ÙØ§Ù„Ø¹Ø¯Ùˆ Ù„Ø§ ÙŠØ¹ØªØ±Ù Ø§Ù„Ø§ Ø¨Ø§Ù„Ù‚ÙˆÙ‡ ÙˆÙ„Ø§ÙŠØ­ØªØ±Ù… ØºÙŠØ± Ø§Ù„Ù‚ÙˆÙ‡ ÙˆÙ‡ÙˆØ§Ø¬Ø¨Ù† Ù…Ù† Ø¨ÙŠØª Ø§Ù„Ø¹Ù†ÙƒØ¨ÙˆØª ÙÙ‡Ù„ Ù…Ù† Ù…Ø¹ØªØ¨Ø± Ù¡Ù Ù Ù  Ù…Ø¤Ù…Ù†ÙŠÙ† ØµØ§Ø¯Ù‚ÙŠÙ† Ù…Ø±ØºÙˆ Ø¨Ù‡ ÙˆÙ†ÙƒÙ„Ùˆ Ø¨Ù‡ ÙˆØ¨Ø§Ø¹ØªØ±Ø§Ù Ø§Ù„ØµÙ‡Ø§ÙŠÙ†Ù‡ Ø§Ù†ÙØ³Ù‡Ù…,"History simply repeats itself, selling the Muslims to the Mongols and now selling to the Jews with the same result, there is no difference, as the enemy only recognizes force and does not respect anything other than force, and the cobwebs are from the spider's house, so is there any consideration for 1000 true believers who have been cheated and abused by the Zionists themselves?",@user-qv2xr7ct8j,UCCriKu6wcuLSdnaJIq7MQvg,http://www.youtube.com/@user-qv2xr7ct8j,0,,,,1,,,,1,,
UgwFxSWSCFog2KoF0E14AaABAg,0,0,45215.9267939815,Shalom adonai,Shalom adonai,@clikiebrasil,UCv8jzwvQB9T8RAzCxY7pw7g,http://www.youtube.com/@clikiebrasil,0,,,,,,,,,,
UgzmZVq9IRLfT3ukNah4AaABAg,0,0,45215.9265277778,Gente doida isso Ã© assassinato,Gente doida isso Ã© assassinato,@clikiebrasil,UCv8jzwvQB9T8RAzCxY7pw7g,http://www.youtube.com/@clikiebrasil,0,,,,,,,,,,
UgxQvjYCnk91emP0MNJ4AaABAg,0,0,45215.8555208333,ØªØ­ÙŠØ© Ù„Ù‚Ù†Ø§Ø© Ø§Ù„Ø¬Ø²ÙŠØ±Ø©,Tribute to Al Jazeera,@abuamar593,UCMcs8SUorxrgfg4l3VXwJLg,http://www.youtube.com/@abuamar593,0,,,,,,1,,,,
UgwBNGfoRIWKMoHxhAV4AaABAg,0,0,45215.8552777778,ÙƒÙ… Ø§ÙƒØ±Ø© Ù‚Ù†Ø§Ø© Ø§Ù„Ø­Ø¯Ø«,How much do I hate the event channel,@abuamar593,UCMcs8SUorxrgfg4l3VXwJLg,http://www.youtube.com/@abuamar593,0,,,,,,1,,,,
Ugwj71FYrYPdObE0kaN4AaABAg,0,0,45215.8335648148,ØªØ­ÙŠØ¯Ù‡Ù… ÙƒÙ„Ù…Ø© Ø§Ø³ØªØ´Ù‡Ø§Ø¯Ù‡Ù… Ø«Ù‚ÙŠÙ„Ø© Ø¹ Ø§Ù„Ù‚Ù†Ø§Ø© Ø§Ù„Ø¹Ø¨Ø±ÙŠØ© ğŸ˜Œ,The word martyrdom weighs heavily on the Hebrew channel ğŸ˜Œ,@user-zk8mp9im5v,UCsR2SgpHhOxdGg3ikJWRD5Q,http://www.youtube.com/@user-zk8mp9im5v,0,,,,,,1,,,,
Ugy_Q21vJCT-4uT0o5t4AaABAg,0,0,45215.7944212963,â¤â¤â¤â¤â¤â¤â¤â¤â¤â¤â¤â¤â¤,â¤â¤â¤â¤â¤â¤â¤â¤â¤â¤â¤â¤â¤,@rajusk-vx8dy,UC8rCV66AFXjCqlVqZ6Ugetw,http://www.youtube.com/@rajusk-vx8dy,0,,,,,,,,,,
Ugw5bS6djEmjElWm3614AaABAg,0,0,45215.301087963,Ø¬ÙŠØ´ Ø§Ù„Ø§Ø­ØªÙ„Ø§Ù„ Ø§Ù„ÙŠÙ‡ÙˆØ¯ÙŠ,Jewish Occupation Army,@user-db4be4nh4p,UC2F9iSEzAYprhirf7Z5ae3A,http://www.youtube.com/@user-db4be4nh4p,0,,,,,,,,1,,
UgzouqwbdX68YFMqYu14AaABAg,0,0,45215.2955555556,Ø­Ø³Ø¨Ù†Ø§ Ø§Ù„Ù„Ù‡ ÙˆÙ†Ø¹Ù… Ø§Ù„ÙˆÙƒÙŠÙ„ ÙŠØ§Ø±Ø¨ÙŠ ÙˆØ±Ø¨ Ø§Ù„Ø¹Ø§Ù„Ù…ÙŠÙ† ÙØ±Ø¬ Ø¹Ù„Ù‰ Ø´Ø¹Ø¨ ÙÙ„Ø³Ø·ÙŠÙ†,"God is the agent, my Lord and Lord of the Worlds, please help the people of Palestine.",@azizaazza5206,UC_wJvKtcPjucKUQyqEK9a4w,http://www.youtube.com/@azizaazza5206,0,,,,1,,,,,,
UgxHjnLHPayBG1eUNgV4AaABAg,0,0,45215.2918865741,Ù…Ù† Ø§Ù„Ø¬Ø²Ø§ÙŠØ± Ù‡Ø°Ù‡ÙŠ Ù‡ÙŠØ§ Ø§Ù„ØºÙ‡ Ù„ØªÙŠ ØªÙÙ‡Ù… â€â€ªØ¨Ù‡Ø§ Ø¥Ø³Ø±Ø§Ø¦ÙŠÙ„,"From the islands, this is the language Israel understands",@user-of5br2jy8e,UCazAZ2V5JK8U5pcYhV_Kh7w,http://www.youtube.com/@user-of5br2jy8e,0,,,,,,,,1,,
UgyaN9DdYs_N5kL8M594AaABAg,0,0,45215.2899652778,ØªØ­Ø¯Ø«ÙˆØ§ Ø¨Ù„Ø³Ø§Ù† Ø¹Ø±Ø¨ÙŠ ... Ù…Ù‚Ø§ØªÙ„ÙŠÙ† Ø§Ù… Ù…Ù‚Ø§ÙˆÙ…ÙŠÙ†.!!!!!,Speak with an Arabic tongue ... Fighters or resisters. !!!!!,@kenanaljuf5019,UCCwtJanWMNv5rN5IA79S4KQ,http://www.youtube.com/@kenanaljuf5019,0,,,,,,1,,,,
UgwL-rkl38VcmjTPI_h4AaABAg,0,0,45215.2847337963,.Ø§Ù„Ù„Ù‡Ù… Ø´Ø±Ø¯ Ø¨Ø§Ù„ÙŠÙ‡ÙˆØ¯ Ø§Ù„ØºØ§ØµØ¨ÙŠÙ† ÙØ¥Ù† ÙŠØ¯Ùƒ ØªØ·Ø§Ù„Ù‡Ù… ÙˆÙ‡Ù… Ù„Ø§ ÙŠØ¹Ø¬Ø²ÙˆÙ†Ùƒ ÙŠØ§ Ø¬Ø¨Ø§Ø± ÙŠØ§ Ù‚ÙˆÙŠ ....Ø§Ù„Ù„Ù‡Ù… Ø§Ø¨Ø·Ø´ Ø¨Ù‡Ù… ÙˆØ§Ø®Ø³Ù Ø¨Ù‡Ù… Ø§Ù„Ø£Ø±Ø¶ ÙˆÙ„Ø§ ØªØ¨Ù‚ÙŠ Ù…Ù†Ù‡Ù… Ø£Ø­Ø¯Ø§ ÙŠØ§ Ø±Ø¨ Ø§Ù„Ø¹Ø§Ù„Ù…ÙŠÙ† ....Ø§Ù„Ù„Ù‡Ù… Ø³Ø¯Ø¯ Ø±Ù…ÙŠ Ø§Ù„Ù…Ø¯Ø§ÙØ¹ÙŠÙ† Ø¹Ù† Ù…Ø³Ø¬Ø¯Ùƒ Ø§Ù„Ø£Ù‚ØµÙ‰ ÙˆØ§Ù†ØµØ±Ù‡Ù… Ø¨Ù…Ø¯Ø¯ ÙˆØ¬Ù†Ø¯ Ù…Ù† Ø¹Ù†Ø¯Ùƒ ÙŠØ§ Ø°Ùˆ Ø§Ù„ÙØ¶Ù„ Ø§Ù„Ø¹Ø¸ÙŠÙ… .....Ø§Ù„Ù„Ù‡Ù… Ø³Ø®Ø± Ù„Ø¥Ø®ÙˆØ§Ù†Ù†Ø§ ÙÙŠ ÙÙ„Ø³Ø·ÙŠÙ† Ø¬Ù†ÙˆØ¯ Ø§Ù„Ø£Ø±Ø¶ ÙˆØ§Ù„Ø³Ù…Ø§Ø¡ Ø¨Ø­Ù‚ Ù‚Ø¯Ø±ØªÙƒ ÙˆØ¬Ø¨Ø±ÙˆØªÙƒ ÙˆØ´ÙØ§Ø¹Ø© Ù†Ø¨ÙŠÙƒ Ø§Ù„Ù…ØµØ·ÙÙ‰ ØµÙ„ Ø§Ù„Ù„Ù‡ Ø¹Ù„ÙŠÙ‡ ÙˆØ³Ù„Ù….........Ù…Ø¯Ø¯ Ù…Ø¯Ø¯ ÙŠØ§ Ø£Ø±Ø­Ù… Ø§Ù„Ø±Ø§Ø­Ù…ÙŠÙ†,"O Allah, drive away the usurping Jews, for Your hand is upon them, and they cannot help You, O mighty and powerful. .... O Allah, strike them down and destroy the earth and leave none of them, O Lord of the Worlds. .... O Allah, shoot the defenders of your Al-Aqsa Mosque and support them with support and soldiers from Your side, O Most Merciful. ..... O Allah, harness for our brothers in Palestine the soldiers of earth and sky, by Your power and might, and the intercession of Your Prophet Al-Mustafa, peace be upon him. ......... Madad Madad, O most merciful of the merciful.",@amz5031,UCvKs0pK6Tjfh5GUBegq4K-w,http://www.youtube.com/@amz5031,0,,,,1,,,,1,,
UgyXZ-UNg-EiGKsA-nV4AaABAg,0,0,45215.2820949074,Ø§Ù„Ù„Ù‡Ù… Ø«Ø¨Øª Ø¥Ø®ÙˆØ§Ù†Ù†Ø§ ÙÙŠ ÙÙ„Ø³Ø·ÙŠÙ† Ø®Ø§ØµØ© Ø§Ù„Ù…Ø¬Ø§Ù‡Ø¯ÙŠÙ† Ù…Ù†Ù‡Ù…,"O God, prove our brothers in Palestine, especially the Mujahideen.",@rachidanourredine9258,UCre6-Sd30ybdg4-SGA_2UQA,http://www.youtube.com/@rachidanourredine9258,0,,,,1,,,,,,
UgwC9yDMi1F5hZ1YjEl4AaABAg,0,0,45215.2576273148,Ø§Ù„Ù‡Ù… Ø³Ø¯Ø¯Ø±Ù…ÙŠÙ‡Ù… ÙˆØ«Ø¨Øª Ø£Ù‚Ø¯Ø§Ù…Ù‡Ù… Ø³ÙˆØ¯Ø§Ù†ÙŠ,The inspiration is Sudanese.,@user-pr5xz4bf4w,UC1cMEFeltu4L2tfAWvvauSg,http://www.youtube.com/@user-pr5xz4bf4w,0,,,,,,,,,,
Ugx7pcEJWa1zBYCvZ_t4AaABAg,0,0,45215.237974537,Ø§Ù„Ù„Ù‡Ù… Ø§Ù†ØµØ± Ù‡Ù„ Ø¹Ø²Ø© ÙˆÙ„Ø¹Ù†Øª Ø§Ù„Ù„Ù‡ Ø¹ Ø­ÙƒÙ… Ø¨Ù„Ø§ Ø´Ø±Ù,God bless the rule of honor and curse the rule of honorlessness.,@user-ef8pr8nx1l,UC3HXFnFVeJ6b3rDOg7Y-AcQ,http://www.youtube.com/@user-ef8pr8nx1l,0,,,,,,,,,,
Ugwc7fz847NeLVfaGNJ4AaABAg,0,1,45215.2261458333,IloveYOU ISRAIl â¤â¤â¤â¤â¤â¤â¤â¤â¤â¤â¤â¤â¤â¤â¤â¤â¤â¤,IloveYOU ISRAIl â¤â¤â¤â¤â¤â¤â¤â¤â¤â¤â¤â¤â¤â¤â¤â¤â¤â¤,@user-vb6uq1di2t,UCNJtOgNZh41ylB9UuiJ8D4w,http://www.youtube.com/@user-vb6uq1di2t,0,,,,,,,,1,,
UgxewSd8NfqOlXpBmTF4AaABAg,0,0,45215.192025463,Ø§Ù„Ù„Ù‡Ù… Ø§Ù†ØµØ± Ø§Ù„Ù…Ù‚Ø§ÙˆÙ…Ø© ÙˆØ§Ù†ØµØ± Ø§Ø®ÙˆØ§ØªÙ†Ø§ ÙÙŠ ÙÙ„Ø³Ø·ÙŠÙ† Ø¹Ù„ÙŠ Ø§Ù„Ø¹Ø¯Ùˆ Ø§Ù„ØºØ§Ø´Ù… Ø¥Ø³Ø±Ø§Ø¦ÙŠÙ„ ÙˆÙ…Ù† ÙˆÙ„Ø§Ù‡Ù… Ø§Ù„Ù„Ù‡Ù… Ø§Ù†ØµØ±Ø§Ø®ÙˆØ§ØªÙ†Ø§ ÙÙŠ ÙÙ„Ø³Ø·ÙŠÙ† ÙˆØ«Ø¨Øª Ø£Ù‚Ø¯Ø§Ù…Ù‡Ù… Ø¹Ù„ÙŠ Ø§Ù„Ù‚ÙˆÙ… Ø§Ù„Ø¸Ø§Ù„Ù…ÙŠÙ† Ø§Ù„ÙƒØ§ÙØ±ÙŠÙ†,"May God give victory to the resistance and victory to our sisters in Palestine against the brutal enemy Israel and those who are loyal to them, and may God help our sisters in Palestine and establish their feet against the unjust and unbelieving people.",@wafaaomara5057,UC9WzIRnSnfYOPnKS7DA7tJQ,http://www.youtube.com/@wafaaomara5057,0,,,,1,,,,1,,
UgzXfkt-Q8ieYLOufvV4AaABAg,0,0,45215.1918634259,Ø§Ù„Ù„Ù‡Ù… Ø§Ù†ØµØ± Ø§Ø®ÙˆÙ†Ù†Ø§ ÙÙŠ ÙÙ„Ø³Ø·ÙŠÙ†,"O God, help our brothers in Palestine",@saharmursi9217,UCRHVkmsI5X_hRfYyyxfOwlQ,http://www.youtube.com/@saharmursi9217,0,,,,1,,,,,,
UgzJ8XeUeCFgMIvLCud4AaABAg,0,0,45215.177662037,Ø³Ø¤Ø§Ù„// Ù„Ù…Ø§Ø°Ø§ Ù‚Ù†Ø§Ø© Ø§Ù„Ø¹Ø±Ø¨ÙŠÙ‡ ØªÙ†Ø­Ø§Ø² Ø§ÙƒØ«Ø± Ù„Ø£Ø³Ø±Ø§Ø¦ÙŠÙ„ .. !!ØŸ,Question: Why is Al-Arabiya TV more favorable to Israel? Why is Al-Arabiya more pro-Israel?,@salembahadi8959,UCyTQP9LbdVr6q9cnBM6RTTg,http://www.youtube.com/@salembahadi8959,0,,,,,,1,,,,
UgylCz_v-ILQc2X4Gpp4AaABAg,0,0,45215.0765162037,ÙˆÙŠÙ† Ø±Ø§Ù‡ Ø§Ù„Ø±Ø¹Ø¨ ØŸ,Where's the horror?,@lokmaneladjouzi7971,UCU2Gew1gXPnntEFgcoKBrig,http://www.youtube.com/@lokmaneladjouzi7971,0,,,,,,1,,,,
UgwPxyucrTHdbJdUR5Z4AaABAg,0,0,45215.0208912037,ØªØ³Ù„Ù… ÙŠØ¯ÙƒÙ… ÙŠØ­Ù…Ø³ Ø±Ø¨ÙŠ ÙŠÙ†ØµØ±ÙƒÙ…,Your hands are in the hands of the Lord.,@user-op3jl3qg4e,UCqZFYsN7No3Jj3JUoFIK65g,http://www.youtube.com/@user-op3jl3qg4e,0,,,,1,,,,,,
Ugw8WFHQd-dkMJFMJWV4AaABAg,0,0,45215.004837963,Vive palestiniens,Vive palestiniens,@abdelabdo7077,UCg19xQFwTkx_lziFGTObPLw,http://www.youtube.com/@abdelabdo7077,0,,,,1,,,,,,
Ugwbd_oqv4Nl9U-scxJ4AaABAg,0,0,45214.9946527778,ÙŠØ¶Ø§Ø±Ø¨Ùˆ Ø¹Ù„Ù‰ Ø§Ø±Ø¶ Ø±Ø¨ÙŠ Ù…Ø§Ù‡Ù… Ø§Ù„Ø§ Ø¶ÙŠÙˆÙ Ø¹Ù„Ù‰ Ø§Ù„Ø§Ø±Ø¶ Ù…Ø§ÙŠØ¹Ø±ÙÙˆØ´ Ø§ÙŠØ¹ÙŠØ´Ùˆ ÙÙŠ Ø³Ù„Ø§Ù… ÙÙŠ Ø§Ø±Ø¶ ÙˆØ§Ø­Ø¯Ø© ÙƒÙ„ ÙˆØ§Ø­Ø¯ Ø­Ø± ÙÙŠ Ø§Ø®ØªÙŠØ§Ø± Ø¯ÙŠØ§Ù†ØªÙ‡ .,"They are just guests on the land of my Lord, they don't know if they can live in peace in one land, everyone is free to choose their own religion.",@MouloudMg-sf4mv,UCH22zm9ddrSlHFdvXZvUntQ,http://www.youtube.com/@MouloudMg-sf4mv,0,,,,,,,,,,
Ugwom1WkHkBp6a8pNN14AaABAg,0,0,45214.9855439815,Ø§Ù„Ù„Ù‡Ù… Ø§Ù†ØµØ± Ø§Ù„Ù…Ø³Ù„Ù…ÙŠÙ† ÙÙŠ ÙÙ„Ø³Ø·ÙŠÙ† Ø§Ù„Ù„Ù‡Ù… Ø³Ø®Ø± Ø¬Ù†ÙˆØ§Ø¯ Ø§Ù„Ø³Ù…Ø§Ø¡ ÙˆØ¬Ù†ÙˆØ¯ Ø§Ù„Ø§Ø±Ø¶ ÙŠØ§Ø§Ù„Ù„Ù‡ Ø­Ø³Ø§Ø¨ÙŠ Ø§Ù„Ù„Ù‡ ÙˆÙ†Ø¹Ù… Ø§Ù„ÙˆÙƒÙŠÙ„ ÙÙŠÙ‡Ù… Ø­ÙƒÙ…Ø© Ø§Ù„Ø¹Ø±Ø¨ Ø®ÙˆØ§ÙŠ Ù…Ø¹Ù†Ø¯Ù‡Ø§Ø´ ÙƒÙ„Ø§Ù… Ù…Ù†Ø·Ù‚ÙŠ Ø¹Ù„Ù‰ Ø´Ø¹Ø¨ ÙÙ„Ø³Ø·ÙŠÙ† Ø­Ù†Ø§ Ø§Ù„Ù…Ø³Ù„Ø§Ù…ÙŠ Ø§Ù„Ù„Ù‡ ÙŠØ§Ø®ÙˆØ§Ø¯ Ø­Ù‚Ø§ ÙŠØ§ Ø¹Ø±Ø¨ Ø³Ù‡Ù…Ùˆ Ø´ÙˆÙŠ ÙÙ„Ø³Ø·ÙŠÙ† Ø¯ÙˆÙ„Ù‡ Ù„Ø§ Ø³Ø§Ù…ÙŠ Ù†Ø§ØµØ± Ø¨Ù„Ø§Ø¯Ù†Ø§ Ø§Ù„Ù„Ù‡,"O Allah, support the Muslims in Palestine, O Allah, harness the soldiers of the sky and the soldiers of the earth, O Allah, my account is Allah, and we support the agent in them, the wisdom of the Arabs, Khawai, has no logical words on the people of Palestine, we are the Muslims, Allah, O Khawad, really, Arabs, share a little, Palestine is a country, not Sami, the champion of our country, Allah.",@ssss8267,UC4ekngAxERP1eraLnMxip-w,http://www.youtube.com/@ssss8267,0,,,,1,,,,,,
Ugwog5OEI7AHqjdK6Jx4AaABAg,0,0,45214.9539930556,Ù‚Ù†Ø§Ø© Ø§Ù„Ø¹Ø¨Ø±ÙŠØ©,Hebrew Channel,@user-sp8bq3or2n,UCe6HgcNpDvBbOXAvpJ3Kksw,http://www.youtube.com/@user-sp8bq3or2n,0,,,,,,1,,,,
UgzPzCPfhhWr-KjP-Ox4AaABAg,0,0,45214.9363541667,Ø§Ù„Ù„Ù‡Ù… Ø§Ù†ØµØ± Ø§Ù„Ù…Ù‚Ø§ÙˆÙ…Ø© ÙÙŠ ÙÙ„Ø³Ø·ÙŠÙ† Ø¨Ø­Ù‚ Ù…Ø­Ù…Ø¯ ÙˆØ§Ù„ Ù…Ø­Ù…Ø¯ ÙˆØ¨Ø­Ù‚ Ø§Ù„Ø§Ù…Ø§Ù… Ø¹Ù„ÙŠ Ø¹Ù„ÙŠÙ‡ Ø§Ù„Ø³Ù„Ø§Ù… Ø§Ø®ÙˆÙƒ Ù…Ù† Ø§Ù„Ø¹Ø±Ø§Ù‚,"O God, support the resistance in Palestine by the right of Muhammad and Muhammad's family and by the right of Imam Ali, peace be upon him, your brother from Iraq.",@user-fp2yc7rj6v,UC4qUtDB3eJWgKgCAfuSKXnQ,http://www.youtube.com/@user-fp2yc7rj6v,0,,,,1,,,,,,
UgzRVu8NVuH1xFw4Fmt4AaABAg,0,0,45214.9203935185,Ø±Ø¹Ø§ÙƒÙ… Ø§Ù„Ù„Ù‡ ÙŠØ§Ù‚ÙˆÙ…,God bless you people,@user-wb1co7vj8s,UCbshsAdHgya_D-JT0uCuWkg,http://www.youtube.com/@user-wb1co7vj8s,0,,,,1,,,,,,
Ugx7q3ntmEGjoSzMyVh4AaABAg,0,0,45214.9078703704,Ø§Ù„Ù†ØµØ± Ù„Ø¥Ø®ÙˆØ§Ù†Ù†Ø§ ÙÙŠ ØºØ²Ø© ÙŠØ§ Ø±Ø¨,"Victory for our brothers in Gaza, Lord",@sihemkasmi5528,UChKNtCYTO0qQ95yfpA76W3Q,http://www.youtube.com/@sihemkasmi5528,0,,,,1,,,,,,
UgxpvCG99BriC80R6_l4AaABAg,0,0,45214.8880787037,Ø§ÙƒØ¨Ø± Ø´Ø¹Ø¨ Ø®ÙˆÙØ§ Ù‡Ù… Ø§Ù„ÙŠÙ‡ÙˆØ¯ Ø§Ù„ØµÙ‡Ø§Ø¦Ù†Ø© Ø±Ø¨ÙŠ ÙŠØ¬Ø¹Ù„ Ø§Ù„Ø±Ø¹Ø¨ ÙÙŠ Ù‚Ù„ÙˆØ¨Ù‡Ù… Ù‚Ø¨Ù„ Ø§Ù„Ø­Ø±Ø¨ Ø«Ù„Ø§Ø«ÙˆÙ† ÙŠÙˆÙ…Ø§30 Ø§Ù„Ø±Ø¹Ø¨ ÙÙŠ Ù‚Ù„ÙˆØ¨Ù‡Ù… Ø®ÙˆØ§ÙÙŠÙ† Ø¨Ø²Ø§Ù ÙƒÙŠ ØªÙ‚Ø¨Ø¶ Ø¹Ù„ÙŠÙ‡Ù… ÙŠØªØ¨ÙˆÙ„ ØªØ­ØªÙ‡ ÙŠØ±ÙˆÙ†Ù‡Ø§ ØªØ­ØªØ©,"The biggest fearful people are the Zionist Jews. May God make terror in their hearts before the war, 30 days before the war.",@AbderrahmenBouchareb-hw1zl,UCldP2MvdH_F8EHMk51MAqsg,http://www.youtube.com/@AbderrahmenBouchareb-hw1zl,0,,,,,,,,1,,
Ugy2mbxtJb-1kRTdmrt4AaABAg,0,0,45214.8858912037,Ø­Ù…Ø§Ø³ Ø´ÙŠØ¹ÙŠØ© Ù‡Ù… Ø§Ù„Ø³Ø¨Ø¨ğŸ˜³,"Hamas is Shiite, they're the reasonğŸ˜³",@miel736,UCQYnk-0qz8Xaq5kwM8KMq3Q,http://www.youtube.com/@miel736,0,,,,,,,1,,,
UgwkMe5MuOcGb_RFJ6t4AaABAg,0,0,45214.884375,Ù„Ù„Ø£Ø³Ù Ù‚Ù†Ø§Ø© ØªØ·Ø¨ÙŠØ¹ Ùˆ Ø®ÙŠØ§Ù†Ø© Ùˆ Ø¯ÙŠØ§Ø«Ø©ØŒ ØªØ³ØªØ¶ÙŠÙÙˆÙ† Ø§Ù„ØµÙ‡Ø§ÙŠÙ†Ø© Ù„Ø¥Ø¯Ø§Ù†Ø© Ø§Ù„Ù…Ù‚Ø§ÙˆÙ…Ø© Ø§Ù„Ø´Ø±ÙŠÙØ© ÙŠØ§ Ø£Ù†Ø°Ø§Ù„ØŒ ØªÙÙˆÙˆÙˆÙˆÙˆ Ø¹Ù„ÙŠÙƒÙ…,"Unfortunately, you are hosting Zionists to condemn the honorable resistance, you bastards.",@user-wm6ne2dm1h,UCE4c7tzb4wJI_xFVWFwZOcA,http://www.youtube.com/@user-wm6ne2dm1h,0,,,,,,1,,,,
UgzAMkvixLhtQw2z3AJ4AaABAg,0,0,45214.8746180556,.,.,@naabichaelmostafa7995,UC9xmsIZG2rPoQ5m9bToSlSQ,http://www.youtube.com/@naabichaelmostafa7995,0,,,,,,,,,,
UgyUDEbr3JR-MVyKlUR4AaABAg,0,0,45214.8745949074,Ø§Ù„Ù„Ù‡Ù… Ø§Ù„Ù†ØµØ± Ù„Ù„Ø´Ø¹Ø¨ Ø§Ù„ÙÙ„Ø³Ø·ÙŠÙ†ÙŠ Ø§Ù„Ø¹Ø¸ÙŠÙ… Ø¹Ù„Ù‰ Ù‡Ø°Ø§ Ø§Ù„Ø¹Ø¯Ùˆ Ø§Ù„ÙƒØ§ÙØ± â¤â¤â¤,"O God, victory for the great Palestinian people against this infidel enemy â¤â¤â¤â¤â¤",@user-kw7oo6kg4k,UCeVYyALZTq6yrDfSYnfWi2A,http://www.youtube.com/@user-kw7oo6kg4k,0,,,,1,,,,1,,
Ugzk7lx_SgfdZAMwzE14AaABAg,0,0,45214.8714351852,Ø§Ù„Ù„Ù‡Ù… Ø§Ù†ØµØ± Ø§Ø®ÙˆØ§Ù†Ù†Ø§ ÙÙŠ ØºØ²Ù‡ ÙˆÙÙŠ ÙÙ„Ø³Ø·ÙŠÙ† Ø£Ù„Ù„Ù‡Ù… Ø§Ù…Ø¯Ø¯Ù‡ Ø¨Ù…Ø¯Ø¯ Ù…Ù† Ø¹Ù†Ø¯Ùƒ ÙŠØ§ Ø§Ù„Ù„Ù‡ ÙˆØ§Ø±Ø²Ù‚Ù†Ø§ ØµÙ„Ø§Ø© ÙÙŠ Ø§Ù„Ù…Ø³Ø¬Ø¯ Ø§Ù„Ø£Ù‚ØµÙ‰ Ø§Ù„Ù…Ø¨Ø§Ø±Ùƒ Ø§Ù„Ù„Ù‡Ù… Ø§Ù…ÙŠÙ† ÙŠØ§Ø±Ø¨ Ø§Ù„Ø¹Ø§Ù„Ù…ÙŠÙ† ğŸ¤²,"O Allah, give victory to our brothers in Gaza and in Palestine, O Allah, and grant us a prayer in the blessed Al-Aqsa Mosque, O Allah, Amen, Lord of the Worlds ğŸ¤².",@user-uv9up3bv9n,UCbhHvRo72MguYNGoivWl0AQ,http://www.youtube.com/@user-uv9up3bv9n,0,,,,1,,,,,,
Ugyfso86dk_p3X_VHVZ4AaABAg,0,0,45214.8597916667,Ø§Ù„Ù„Ù‡Ù… Ø§Ù†ØµØ± Ø§Ø®ÙˆØ§Ù†Ù†Ø§ ÙÙŠ ØºØ²Ø© Ùˆ ÙÙŠ ÙƒÙ„ ÙÙ„Ø³Ø·ÙŠÙ†,"O God, support our brothers in Gaza and in all of Palestine",@samirsamiro6659,UCPWvVM_xPdSRDwjgvCffr8Q,http://www.youtube.com/@samirsamiro6659,0,,,,1,,,,,,
UgxttMzgjxaUdMdiMCB4AaABAg,0,0,45214.8506018519,Ø±Ø§Ù‡ Ø®ÙˆØ§ÙØ© Ø§Ù„Ø§Ø¨ØºØ§Ùˆ Ø§Ù„Ø­Ø±Ø¨ Ù…Ø¹ ÙÙ„Ø³Ø·ÙŠÙ† Ø§Ø­ÙŠØ¯Ùˆ Ø§Ù„Ø¯Ø¨Ø§Ø¨Ø§Øª ÙˆØ§Ù„Ø·ÙŠØ§Ø±Ø§Øª ÙˆØ¬Ùˆ Ø§ÙØ§Øµ Ø§ÙØ§Øµ Ù…ØºØ§ÙŠØ¨Ù‚Ù‰ Ø­ØªÙ‰ ØµÙ‡ÙŠÙˆÙ†ÙŠ ÙØ§Ù„ÙƒØ§ÙˆÙ†,"Tanks, airplanes, airplanes, and airplanes are neutralized by the war with Palestine, not even a Zionist in Falcon.",@molaymejdane5837,UCUUrduo-PkUYqUwXt74xP8Q,http://www.youtube.com/@molaymejdane5837,0,,,,,,,,,,
Ugyduc1jAy6VrQgV5lZ4AaABAg,0,0,45214.8396759259,Ø¹ÙÙŠØ© Ù„Ù„Ù†Ø´Ø§Ù…Ù‰,Afiya for the young men,@mohmmadhdidi120,UCgtyMMpbVdCqWsp0SB3MzOA,http://www.youtube.com/@mohmmadhdidi120,0,,,,,,,,,,
Ugw-S_5mN_ZSaIyO3pZ4AaABAg,0,0,45214.836412037,Ø§Ù…Ø§Ù‚Ù†Ø§Ø© Ø§Ù„Ø­Ø¯Ø« Ø§Ù„Ø´Ø¹ÙˆØ¨ Ø§Ù„Ø¹Ø±Ø¨ÙŠÙ‡ ØªØ¹Ø±Ù Ø§Ù†Ù‡Ø§ Ù‚Ù†Ø§Ø© ØªØ§Ø¨Ø¹Ù‡ Ù„Ù„ØµÙ‡Ø§ÙŠÙ†Ù‡ ÙˆØ§ØªØ­Ø¯Ø§ Ù…Ù† ÙŠÙ‚ÙˆÙ„ ØºÙŠØ± Ø°Ø§Ù„Ùƒ ØªÙ Ø¹Ù„ÙŠÙƒ Ù‚Ù†Ø§Ø© Ø§Ù„Ø­Ø¯Ø« Ø§Ù„Ø¹Ø¨Ø±ÙŠÙ‡,"The Arab peoples know that it is a Zionist-affiliated channel, and anyone who says otherwise should check out the Hebrew Al-Hadath channel.",@mahuobafif7005,UCm-4W2K2wHCUtPX6TWc_YTw,http://www.youtube.com/@mahuobafif7005,0,,,,,,1,,,,
UgyHNHYVoOrFEokRvOV4AaABAg,0,0,45214.8355092593,Ø§Ù„Ù„Ù‡ ÙŠÙ†ØµØ± Ø§Ø®ÙˆØ§Ù†Ù†Ø§ Ø§Ù„ÙÙ„Ø³Ø·ÙŠÙ†ÙŠÙŠÙ† ÙˆÙ†Ù‡Ø§ÙŠØ© Ø§Ù„ØµÙ‡Ø§ÙŠÙ†Ù‡ Ù‚Ø±Ø¨Øª Ù„Ø§Ù…Ø­Ø§Ù„Ù‡ Ù‡Ø§Ø°Ø§ ÙˆØ¹Ø¯Ø§Ù„Ù„Ù‡ ÙˆØ§Ù…Ø§Ø¹Ø±Ø¨Ø§Ù† Ø®Ù„ÙŠØ¬ Ø§Ù„Ø®Ù†Ø§Ø²ÙŠØ± Ø§Ù„Ù…Ø·Ø¨Ø¹ÙŠÙ† ÙˆØ¹Ù„Ù‰ Ø±Ø¦Ø³Ù‡Ù… Ø§Ù„Ø³Ø¹ÙˆØ¯ÙŠÙ‡ ÙˆØ§Ù…Ø§Ø±Ø§Øª Ø§Ù„Ø¯Ø¹Ø§Ø±Ù‡ Ù†Ù‚ÙˆÙ„ Ù„Ù‡Ù… Ø®Ø³Ø¦ØªÙˆ ÙŠØ§Ø´Ø°Ø§Ø° Ø§Ù„Ø§ÙØ§Ù‚ ÙˆØ§ÙŠØ§Ù…ÙƒÙ… Ù‚Ø±ÙŠØ¨Ù‡ Ù…Ø«Ù„ Ø§Ø®ÙˆØ§Ù†ÙƒÙ… Ø§Ù„ØµÙ‡Ø§ÙŠÙ†Ù‡,"God gives victory to our Palestinian brothers, and the end of the Zionists is inevitably near, this is God's promise, and the Arabs of the Gulf of Pigs normalizers, headed by Saudi Arabia and the prostitution emirates, we say to them, you are wrong, and your days are as close as your Zionist brothers.",@mahuobafif7005,UCm-4W2K2wHCUtPX6TWc_YTw,http://www.youtube.com/@mahuobafif7005,0,,,,1,,,,1,,1
UgxIVoE2RPOFbYUi5-N4AaABAg,0,0,45214.8323958333,Ø£Ù„Ù„Ù‡Ù… Ø£Ù†ØµØ± ÙÙ„Ø³Ø·ÙŠÙ† Ø§Ù„Ø­Ø¨ÙŠØ¨Ø©,May God grant victory to our beloved Palestine,@souadmejri6638,UC8cJRy7kjbEKw59V6eEc5Ag,http://www.youtube.com/@souadmejri6638,0,,,,1,,,,,,
Ugy382KpF62W3Tglssx4AaABAg,0,0,45214.8052893519,Ø§ÙŠÙ† Ø§Ù„Ø¹Ø§Ù„Ù… Ù…Ù…Ø§ ÙŠØ¬Ø±ÙŠ ØŸ,Where is the world?,@AlamLotfi-md5up,UCL1xl9RS8W9xb1KCo4adP_Q,http://www.youtube.com/@AlamLotfi-md5up,0,,,,,,,,,,
UgxNOQzZ5MdXr_q7_Ch4AaABAg,0,0,45214.8010416667,Ø¹Ø§Ø´Øª Ø§Ø³Ø±Ø§Ø¦ÙŠÙ„ Ùˆ ØªØ¨Ø§ Ù„Ø­Ù…Ø§Ø³ Ø§Ù„Ø§Ø±Ù‡Ø§Ø¨ÙŠØ©,Long live Israel and fuck Hamas,@rabiechafi56,UC1owMC_sp5gcyJD1HRFm1ZQ,http://www.youtube.com/@rabiechafi56,0,,,,,1,,1,,,
UgxIlxADpZR4HFffArp4AaABAg,0,0,45214.8005671296,Ù„Ø¹Ù†Ø© Ø§Ù„Ù„Ù‡ Ø¹Ù„ÙŠ Ø§Ù„Ø­Ø¯Ø« ØªÙ‚Ø§Ø±Ù† Ø¨ÙŠÙ† Ø§Ù„Ø¶Ø­ÙŠÙ‡ Ùˆ Ø§Ù„Ø¬Ù„Ø§Ø¯,God's curse on the event that compares the victim and the executioner,@LemirAhead,UCDqniD-pSlSu0XfkpQuOTww,http://www.youtube.com/@LemirAhead,0,,,,,,1,,,,
UgxS6qWPgiRZkhIHJrN4AaABAg,0,0,45214.796412037,Ø§Ø³Ù…Ù‡Ù… Ù…Ø¬Ø§Ù‡Ø¯ÙŠÙ† ÙˆÙ„ÙŠØ³ Ù…Ù‚Ø§ØªÙ„ÙŠÙ† . ØµØ­Ø­ÙˆØ§ Ø§Ù„Ù…ØµØ·Ù„Ø­Ø§Øª Ù…Ù† ÙØ¶Ù„ÙƒÙ…,"They are called mujahideen, not fighters. Please correct the terminology",@cherietkhaled9646,UCyNTX1GmWzk_eFgaQCC26Iw,http://www.youtube.com/@cherietkhaled9646,0,,,,,,1,,,,
UgzalPCbW0TyXpgXPbN4AaABAg,0,0,45214.7875578704,ÙˆÙŠØ¬Ø¨ Ø¹Ù„Ù‰ Ø¬Ù…ÙŠØ¹ Ø§Ù„Ù…Ø³Ù„Ù…ÙŠÙ† Ø£Ù† ÙŠØ¯ÙŠÙ†ÙˆØ§ Ø§Ù„Ø£Ø¹Ù…Ø§Ù„ Ø§Ù„Ø¥Ø±Ù‡Ø§Ø¨ÙŠØ© Ø§Ù„ØªÙŠ ØªÙ‚ÙˆÙ… Ø¨Ù‡Ø§ Ø­Ù…Ø§Ø³. Ø¥Ù† Ù‚ØªÙ„ Ø§Ù„ÙŠÙ‡ÙˆØ¯ Ù„Ø£Ù†Ù‡Ù… ÙŠÙ‡ÙˆØ¯ Ù‡Ùˆ Ø¹Ù…Ù„ Ø¥Ø¬Ø±Ø§Ù…ÙŠ ÙˆØ­Ù‚ÙŠØ± ØªØ¯ÙŠÙ†Ù‡ ÙƒÙ„ Ø§Ù„Ø´Ø¹ÙˆØ¨ Ø§Ù„Ù…ØªØ­Ø¶Ø±Ø©.,All Muslims must condemn the terrorist acts of Hamas. Killing Jews because they are Jews is a criminal and despicable act that is condemned by all civilized peoples.,@lepanda4903,UC9lusO1B1YHKZ8aQhJwKZQg,http://www.youtube.com/@lepanda4903,0,,,,,,,1,,,
UgyWzzyYpIj7IZRpKpl4AaABAg,0,0,45214.782337963,Ø§Ù„Ù„Ù‡Ù… Ø§Ù†ØµØ± Ø§Ø®ÙˆØ§Ù†Ù†Ø§ Ø§Ù„Ù…Ø¬Ø§Ù‡Ø¯ÙŠÙ† Ø¨Ø³ ØµÙˆØ· Ø§Ø·Ù„Ø§Ù‚ Ø§Ù„Ù†Ø§Ø± Ù…Ù†Ø·Ø±Ù ÙˆØ§Ø­Ø¯ ÙŠØ¹Ù†ÙŠÙ…Ù…ÙƒÙ† Ø§Ø³Ø±Ø§Ø¦ÙŠÙ„ Ø¹Ù…Ù„Øª Ù‡Ø§Ø°Ø§ Ø§Ù„Ø´ÙŠ Ø¹Ø´Ø§Ù† ØªØ±ÙØ¹ Ù…Ø¹Ù†ÙˆÙŠØ§Øª Ø¬Ù†ÙˆØ¯Ù‡Ø§ ÙˆØ§Ù„Ø§Ø´ØªØ¨Ø§Ùƒ ÙˆÙ‡Ù…ÙŠ Ø¨Ø§Ù„Ø°Ø§Øª Ø§Ù„Ø¹Ø³ÙƒØ±ÙŠ Ø§Ù…Ø§ Ø§Ù„Ø³ÙŠØ§Ø±Ø© Ø¹Ù… ÙŠØºÙŠØ± Ù…Ø®Ø²Ù† Ø³Ù„Ø§Ø­Ùˆ ÙˆÙƒØ¦Ù†Ùˆ Ù…Ø§ÙÙŠ Ø®ÙˆÙ Ù…Ù† Ø§Ù„Ø±ØµØ§Øµ Ø§Ù„Ù‚Ø§Ø¯Ø© Ù…Ù† Ø§Ù„Ø¬Ù‡Ø© Ø§Ù„Ù…Ù‚Ø§ÙˆÙ…Ø© ÙˆØ§Ù„Ù„Ù‡ Ø§Ø¹Ù„Ù… Ù‡Ø§Ø°Ø§ Ø±Ø¦ÙŠÙŠ Ù…Ù† ØªØ¹Ø§ÙŠØ´ÙŠ Ù„Ù„ÙˆØ§Ù‚Ø¹ ÙÙŠ Ø³ÙˆØ±ÙŠØ§,"Israel may have done this in order to raise the morale of its soldiers, and the clash is fake, especially the military, but the car is changing its weapons storage, as if there is no fear of bullets from the resistance side, and God knows that this is my opinion from my coexistence with the reality in Syria.",@fadialusta4213,UCktYfY-YissDjejYPGAgLvg,http://www.youtube.com/@fadialusta4213,0,,,,,,,,,,
UgxaXGrX90dyASZW0tl4AaABAg,0,0,45214.7749189815,Ø¨Ù„Ø§Ø¯ Ø§Ù„Ø­Ø±Ù…ÙŠÙ† Ø§Ù„Ø´Ø±ÙŠÙÙŠÙ† Ù…Ø¹ÙƒÙ… Ø§Ù…ÙˆØ§Ù„Ù†Ø§ ÙˆÙƒÙ„ Ù…Ø§Ù†Ù…Ù„Ùƒ ØªØ­Øª Ø§Ù‚Ø¯Ø§Ù…ÙƒÙ… Ø§ÙŠÙ‡ Ø§Ù„Ø§Ø¨Ø·Ø§Ù„,"The Holy Land of the Two Holy Mosques is with you, our money and everything we own is under your feet, heroes.",@user-fo8ov8xo9h,UCfOUPQrUexBubUfeQpCCqMQ,http://www.youtube.com/@user-fo8ov8xo9h,0,,,,1,,,,,,
UgzZIGE0r5vwxvPlQvp4AaABAg,0,0,45214.7740856482,Ø§Ø¯Ø¹Ø³ Ø§Ù„Ù…Ø¯Ø¹ÙˆØ³ ÙŠØ§ÙÙ„Ø³Ø·ÙŠÙ†ÙŠ ÙŠØ§Ø¨Ø·Ù„ Ø±ÙØ¹Øª Ø±Ø§Ø³ Ø§Ù„Ø¹Ø±Ø¨ ÙˆØ§Ù„Ù…Ø³Ù„Ù…ÙŠÙ† ÙˆØ§Ù„Ù„Ù‡ Ø§Ù†ÙƒÙ… ÙØ®Ø± Ø§Ù„Ø¹Ø±Ø¨ ÙˆØ§Ù„Ù…Ø³Ù„Ù…ÙŠÙ† Ø§Ù„Ù„Ù‡ Ø§ÙƒØ¨Ø± ÙˆÙ„Ù„Ù‡ Ø§Ù„Ø­Ù…Ø¯,"I trample the trampled, Palestinian, you hero, you raised the head of Arabs and Muslims, and by God, you are the pride of Arabs and Muslims, God is great and God is praised",@user-fo8ov8xo9h,UCfOUPQrUexBubUfeQpCCqMQ,http://www.youtube.com/@user-fo8ov8xo9h,0,,,,1,,,,,,
Ugyr_K4xEVLKOQka-_B4AaABAg,0,0,45214.7631481482,Ø§Ù„Ù„Ù‡ Ø§ÙƒØ¨Ø± ÙˆÙ„Ù„Ù„Ù‡ Ø§Ù„Ø­Ù…Ø¯,Allahu Akbar and Alhamdulillah Alhamdulillah,@user-nu3is8sn1c,UCELRt9BbTT25t97ie5vtAHg,http://www.youtube.com/@user-nu3is8sn1c,0,,,,1,,,,,,
Ugy-czsWSg7UGjMnMFV4AaABAg,0,1,45214.7521875,Ø§Ø®ÙˆØ§Ù†ÙƒÙ… Ù…Ù† Ø§Ù„ÙŠÙ…Ù† Ø¥Ù„Ø§ ÙÙ„Ø³Ø·ÙŠÙ† Ø§Ù„Ø­Ø¨ÙŠØ¨Ù‡ Ø§Ù„Ù„Ù‡Ù… Ø§Ù†ØµØ± Ø§Ø®ÙˆØ§Ù†Ù†Ø§ Ø§Ù„Ù…Ø³Ù„Ù…ÙŠÙ† ÙÙŠ ÙÙ„Ø³Ø·ÙŠÙ† Ø¹Ù„Ù‰ Ø§Ù„ÙŠÙ‡ÙˆØ¯,"Your brothers from Yemen, except for our beloved Palestine, O God, give victory to our Muslim brothers in Palestine against the Jews",@user-yq3uc1nc4t,UCbWh50Zq60hi-lwqMMjS-nA,http://www.youtube.com/@user-yq3uc1nc4t,0,,,,1,,,,,,
UgxqyUdcGsSmavXURfN4AaABAg,0,1,45214.7512731482,Ø§Ù„Ù„Ù‡ ÙŠÙ†ØµØ± ÙÙ„Ø³Ø·ÙŠÙ† ğŸ‡µğŸ‡¸,May God grant victory to Palestine ğŸ‡µğŸ‡¸,@user-yq3uc1nc4t,UCbWh50Zq60hi-lwqMMjS-nA,http://www.youtube.com/@user-yq3uc1nc4t,0,,,,1,,,,,,
Ugx6GRneu9iazMMOHJt4AaABAg,0,0,45214.7447453704,Ø´Ø±Ø¯Ùˆ Ø´Ø±Ø¯Ùˆ Ø´Ø±Ø¯Ùˆ Ø´Ø±Ø¯Ùˆ Ø¬Ø¨Ù†Ø§,Shirdo Shirdo Shirdo Shirdo Shirdo Shirdo Shirdo Jebna,@user-lw8kb4vj1u,UChw4q2ydApEYn7Qr7wYymVA,http://www.youtube.com/@user-lw8kb4vj1u,0,,,,,,,,,,
Ugyx9Hq7RdWfsz2_LFp4AaABAg,0,0,45214.7444444444,Ø§Ù„Ù„Ù‡Ù… Ø§Ù†ØµØ± Ø§Ø®ÙˆØ§Ù†Ù†Ø§ ÙÙŠ ÙÙ„Ø³Ø·ÙŠÙ† Ø¶Ø¯ Ø§Ù„ÙŠÙ‡ÙˆØ¯ ÙˆØ§Ù„Ø§Ù…Ø±ÙŠÙƒØ§Ù†,"O God, help our brothers in Palestine against the Jews and Americans",@shabanmerghany1246,UCOA3cydt1xmS01NtZ22wbtA,http://www.youtube.com/@shabanmerghany1246,0,,,,,,,,,,
UgzhOkcDCgOAqYjIReh4AaABAg,0,0,45214.744224537,Ø§Ù„Ù†ØµØ± Ù‚Ø±ÙŠØ¨ Ø¨Ø¥Ø°Ù† Ø§Ù„Ù„Ù‡ ØªØ¹Ø§Ù„Ù‰ Ø¨Ø¹Ø¯Ù‡Ù… Ø¨Ø¹Ø¯Ù‡Ù… Ø¨Ø¹Ø¯Ù‡Ù… ÙŠØ§Ø±Ø¬Ø§Ù„ ÙÙ„Ø³Ø·ÙŠÙ† Ø§Ù„Ø£Ø¨Ø·Ø§Ù„ ÙˆÙ„Ø´Ø¬Ø¹Ø§Ù†,"Victory is near, God willing, after them, after them, after them, the heroic men of Palestine and the brave",@user-lw8kb4vj1u,UChw4q2ydApEYn7Qr7wYymVA,http://www.youtube.com/@user-lw8kb4vj1u,0,,,,,,,,,,
UgyD3KFM6G-e_DTtTF54AaABAg,0,1,45214.7438194445,Ø¨Ø¹Ø¯Ù‡Ù… Ø¨Ø¹Ø¯Ù‡Ù… Ø¨Ø¹Ø¯Ù‡Ù… ÙŠØ§Ø±Ø¬Ø§Ù„ ÙÙ„Ø³Ø·ÙŠÙ† Ø§Ù„Ø£Ø¨Ø·Ø§Ù„ ÙˆÙ„Ø´Ø¬Ø¹Ø§Ù† â¤â¤â¤â¤â¤,"After them, after them, after them, after them, the heroic men of Palestine and the brave â¤â¤â¤â¤â¤",@user-lw8kb4vj1u,UChw4q2ydApEYn7Qr7wYymVA,http://www.youtube.com/@user-lw8kb4vj1u,0,,,,,,,,,,
UgzP24e-M7QKD1-VGeh4AaABAg,0,0,45214.74,Ù‚ÙˆÙ„ÙŠ. Ø§Ù„Ù…Ø¬Ø§Ù‡Ø¯ÙŠÙ† Ù…Ù† Ø­Ù…Ø§Ø³. ÙˆØ§Ù„Ø¹ØµØ¨Ø§Øª Ø§Ù„Ø¥Ø³Ø±Ø§Ø¦ÙŠÙ„ÙŠØ©. ÙŠØ§Ù‚Ù†Ø§Øª Ø§Ù„Ø¹Ø¨Ø±ÙŠØ©,Say. Hamas mujahideen. And Israeli gangs. Hebrew yakinat,@user-xj5mg3ft9e,UCxGJ23-i1FeO4p-YOlfQqZw,http://www.youtube.com/@user-xj5mg3ft9e,0,,,,,,,,,,
UgwUYjaTDq6chaWGh1B4AaABAg,0,0,45214.7322337963,Ø§Ù„Ù„Ù‡ ÙŠÙ†ØµØ±Ù‡Ù… ÙˆÙŠØ®Ø°Ù„ Ù…Ù† Ø®Ø°Ù„Ù‡Ù… Ø¹Ø§Ø± Ø¹Ù„Ø§ ÙƒÙ„ Ø¯ÙˆÙ„Ù‡ Ø¹Ø±Ø¨ÙŠÙ‡ Ù…ØªØµÙ‡ÙŠÙ†Ù‡ ÙˆØ²Ø¹Ù…Ø§ Ø¹Ø±Ø¨ Ù„Ù„Ø§Ø³Ù Ù…Ø¬Ø±Ø¯ÙŠÙ† Ù…Ù† Ø§Ù„Ø±Ø¬ÙˆÙ„Ù‡,May God give them victory and fail those who failed them. Shame on every Zionist Arab country and Arab leaders who are unfortunately devoid of manhood.,@user-qo1zi1uy1t,UCve6-zonR1dRI9ckcAUXrEg,http://www.youtube.com/@user-qo1zi1uy1t,0,,,,,,,,,,
Ugxl4nMzo09iJI1Ek1F4AaABAg,0,0,45214.7307986111,Ø§Ù„ÙƒÙŠØ§Ù† Ø§Ù„ØµÙ‡ÙŠÙˆÙ†ÙŠ Ø§Ù„Ù…Ø¬Ø±Ù… Ø§Ù„Ø¹Ù†ØµØ±ÙŠ Ø§Ù„Ø¨Ù„Ø§Ø³ØªÙŠÙƒÙŠ Ù…Ø«Ù„ Ø§Ù„Ù†Ø³ÙˆØ§Ù†,"The criminal Zionist entity is a racist, racist, plastic criminal like women",@SaidromaSaidossaidos,UCsDKcEBg9MKJ-0_y2JdpiUQ,http://www.youtube.com/@SaidromaSaidossaidos,0,,,,,,,,,,
UgzOPUQVQ3oBlDXK0al4AaABAg,0,1,45214.7269560185,Ù…Ø§ Ù‡Ùˆ Ù…Ø¹Ù†ÙŠ ØªØ­ÙŠÙŠØ¯,What does it mean to neutralize,@user-hg9zh4rg4w,UCQ3X9wf37KBW7Dw92tBKwaQ,http://www.youtube.com/@user-hg9zh4rg4w,0,,,,,,,,,,
UgypZ2lFxKZBONmBiy54AaABAg,0,0,45214.7095601852,ğŸ‡©ğŸ‡¿ğŸ’šğŸ‡µğŸ‡¸,ğŸ‡©ğŸ‡¿ğŸ’šğŸ‡µğŸ‡¸,@user-qg4tl1cv3j,UCAv2p0hp-S-EOdFsDaBd9ug,http://www.youtube.com/@user-qg4tl1cv3j,0,,,,,,,,,,
UgyeHiPT2fLA617TjVd4AaABAg,0,0,45214.7028935185,ÙƒÙÙˆ Ø¬Ù†ÙˆØ¯ Ø§Ù„Ù…Ù‚Ø§ÙˆÙ…Ù‡ â¤,Kafu Resistance Soldiers,@almozen84,UCV8tyR6mUkZk1kXcBT0x9jQ,http://www.youtube.com/@almozen84,0,,,,,,,,,,
Ugxy28lTVrv77oZn8hV4AaABAg,0,0,45214.7001388889,Ù…Ù‚Ø§ØªÙ„ÙŠÙ† Ù…Ù† ØºØ²Ø© Ùˆ Ù„ÙŠØ³ Ø­Ù…Ø§Ø³ !!,"Fighters from Gaza, not Hamas.",@mustanghandl,UCCT4uK7dCKcdkukd3Jn9fkw,http://www.youtube.com/@mustanghandl,0,,,,,,,,,,
UgwGSA_lT3xF8Z-pNMJ4AaABAg,0,0,45214.6963657407,Ù…Ù† Ø§Ù„Ø¹Ø±Ø§Ù‚ ÙƒÙ„Ù†Ø§ Ù…Ø¹ÙƒÙ… Ù‚Ù„Ø¨Ø§ ÙˆÙ‚Ø§Ù„Ø¨Ù† Ø§Ù„Ù„Ù‡ ÙŠÙ†ØµØ±ÙƒÙ… ÙˆÙŠÙ†ØµØ± Ø¬Ù…ÙŠØ¹ Ø§Ù„Ù…Ø³Ù„Ù…ÙŠÙ† Ø¨Ø­Ù‚ Ù…Ø­Ù…Ø¯ ÙˆØ§Ù„ Ù…Ø­Ù…Ø¯,"From Iraq, we are all with you in our hearts and minds, God will give you victory and victory to all Muslims, by the right of Muhammad and his family.",@user-us9pu3wr8r,UCYIlJEfw_iS0VNxLpAxjM2w,http://www.youtube.com/@user-us9pu3wr8r,0,,,,,,,,,,
UgzIV9GtDw_vmjqbzvh4AaABAg,0,0,45214.6957523148,Ø¹Ø§Ø´Øª Ø§Ù„Ù…Ù‚Ø§ÙˆÙ…Ø© Ø§Ù„ÙÙ„Ø³Ø·ÙŠÙ†ÙŠØ© Ù†ØµØ± Ù…Ù† Ø£Ù„Ù„Ù‡ ÙˆÙØªØ­ Ù‚Ø±ÙŠØ¨ Ø¥Ù† Ø´Ø§Ø¡Ø§Ù„Ù„Ù‡,Long live the Palestinian resistance!,@oomahmed294,UC7d6Ua4s2Md3rb5-G2tbEpA,http://www.youtube.com/@oomahmed294,0,,,,,,,,,,
Ugzbf6ue9F0TUMjQRNJ4AaABAg,0,0,45214.6892592593,Ù…Ø³Ø±Ø­ÙŠÙ‡ ÙƒÙŠØ§Ù† Ø§Ù„ÙØ´Ù„ Ø§Ù„Ø¹Ø¸ÙŠÙ… ğŸ˜‚ğŸ˜‚ğŸ˜‚,The Great Failure Entity Theater ğŸ˜‚ğŸ˜‚ğŸ˜‚ğŸ˜‚ğŸ˜‚,@banedward4845,UCjspe77dA5-nnB9qpArHiAQ,http://www.youtube.com/@banedward4845,0,,,,,,,,,,
Ugwli0ccIwytJoQMwWx4AaABAg,0,0,45214.6669907407,Ø§Ù„Ù„Ù‡Ù… Ø£Ù†ØµØ± Ø£Ù‡Ù„Ù†Ø§ ÙÙŠ ÙÙ„Ø³Ø·ÙŠÙ† Ù†ØµØ± Ø¹Ø²ÙŠØ² Ù…Ù‚ØªØ¯Ø± â¤ğŸ‡µğŸ‡¸â¤,"O God, give victory to our people in Palestine a dear and mighty victory â¤ğŸ‡µğŸ‡¸â¤",@nasseraltantawi8085,UC5LqHAYhg6qE1pNocOUwWCw,http://www.youtube.com/@nasseraltantawi8085,0,,,,,,,,,,
UgyH7n_zsFEV-KrVxIN4AaABAg,1,1,45214.64125,Ø§Ù„Ù‡Ù… Ø®ÙˆÙÙ†Ø§ Ø§Ù†Ø§ Ø§Ù„Ø­Ù…Ø¯ Ù„Ù„Ù‡ Ø§Ù„Ø¬Ø²Ø§Ø¦Ø±. Ø¬Ø§Ø§Øª Ø¨Ø·ÙŠØ§Ø± ÙˆØ®Ø¯Øª Ø´ÙˆÙŠ Ù…Ù† ÙÙ„Ø³Ø·ÙŠÙ† âœ‹ Ø§Ù„Ø­Ù…Ø¯ Ù„Ù„Ù‡ Ø¹Ø´Øª Ø§Ù†Ø§ Ø³Ø¨Ø¬Ø§Ù† Ù„Ùƒ Ø¨Ù„ Ø­Ù…Ø¯Ùƒ Ø§Ø´Ù‡Ø¯ Ø§Ù† Ù„Ø§Ø§Ù„Ù‡ Ø§Ù„Ø§ Ù„Ù‡ Ø§Ø³ØªØºÙØ±Ù‡ ÙˆØªØ¨Ùˆ Ø§Ù„ÙŠÙƒ ğŸ˜ğŸ˜ Ø§Ù†Ø§ ÙÙ„Ø³Ø·ÙŠÙ† Ø¨Ø¹Ø¯ Ø§Ø¨ÙˆÙŠ Ù…Ø§ Ø±Ø§Ø­ ÙÙŠ Ø³ÙŠØ§Ø± Ù…Øª Ø§Ù„Ø§Ø®Ø±Ø§ Ø¡ÙŠÙ„ Ø¯Ø±Ø¨ØªÙˆ Ø¨Ù„ Ø±Ø§Ø³Ø³ ğŸ˜­ğŸ˜­ğŸ˜­ğŸ˜­ğŸ˜­,"Alhamdulillah Algeria. Algeria came with a pilot and took a little from Palestine âœ‹ Alhamdulillah I lived, I praise you, I testify that there is no God but Him, I forgive him and I repent to you ğŸ˜ğŸ˜ I am Palestine after my father, but I did not go in a car after the last one I trained. ğŸ˜­ğŸ˜­ğŸ˜­ğŸ˜­ğŸ˜­",@user-uq6no8nz6f,UCsdvRUEDSlx6lSCwm_Tc1AA,http://www.youtube.com/@user-uq6no8nz6f,0,,,,,,,,,,
UgyH7n_zsFEV-KrVxIN4AaABAg.9vtf0pWBOe59vtf4QSa-Y4,NA,1,45214.6415856482,Ø§Ù„Ø§Ø®Ø±Ø§ Ø¡ÙŠÙ„ Ø®Ø±Ø§,The last one is the last one.,@user-uq6no8nz6f,UCsdvRUEDSlx6lSCwm_Tc1AA,http://www.youtube.com/@user-uq6no8nz6f,1,UgyH7n_zsFEV-KrVxIN4AaABAg,@user-uq6no8nz6f,,,,,,,,
UgwxeNu2fyCw1AgPlZd4AaABAg,0,0,45214.6244212963,Ù„ÙŠØ´ Ø§Ù„ØµØ­ÙÙŠØ© ØªÙ‚ÙˆÙ„ Ø§Ù„Ø¬ÙŠØ´ Ø§Ù„Ø§Ø³Ø±Ø§Ø¦ÙŠÙ„ÙŠ Ù…Ø¹ Ø§Ù†Ù‡ ÙƒÙŠØ§Ù† Ùˆ Ø§Ø­ØªÙ„Ø§Ù„ ØµÙ‡ÙŠÙˆÙ†ÙŠ . Ùˆ Ø§Ø®Ø±Ø§Ø¦ÙŠÙ„ Ù„ÙŠØ³Øª Ø¨Ø¯ÙˆÙ„Ø© . Ø¹ÙƒØ³ ÙÙ„Ø³Ø·ÙŠÙ† Ùˆ Ø¬ÙŠØ´Ù‡Ø§ Ø§Ù„Ø°ÙŠ ØªØµÙÙˆÙ†Ù‡ Ø¨Ø§Ù„Ù…Ù‚Ø§ØªÙ„ÙˆÙ† Ùˆ ÙƒØ£Ù†Ù‡Ù… ØºØ±Ø¨Ø§Ø¡ Ø¹Ù„Ù‰ Ø£Ø±Ø¶Ù‡Ù… Ø§Ù„Ù…Ø­ØªÙ„Ø© . Ø°Ù„ÙƒÙ… Ø§Ù„Ù„Ù‡ ÙŠØ§ Ø¹Ø±Ø¨ . Ù‡Ø°Ø§ Ø¹ØµØ± Ø§Ù„Ø¹Ø±Ø¨ Ø§Ù„Ù…Ø°Ø§Ù„ÙŠÙ„,"Why does the journalist say Israeli army, even though it is a Zionist occupation and entity? And Israel is not a state. Unlike Palestine and its army, which you describe as fighters as if they were strangers on their occupied land. That's God, Arabs. This is the age of the Arabs.",@rinbi2932,UCUtvWhWH53JvGtlnWDO7J4A,http://www.youtube.com/@rinbi2932,0,,,,,,,,,,
Ugy3toNTbiFc3GBt2Pd4AaABAg,0,0,45214.6112847222,Ø£Ù†ØªÙ… ÙÙ„Ø³Ø·ÙŠÙ†ÙŠÙˆÙ†ØŒ Ø¯ÙŠÙ†ÙƒÙ… Ù…Ø§ØªØŒ Ø§Ù„Ù„Ù‡ Ù„Ø§ ÙŠØ³Ù…Ø¹ Ù„ÙƒÙ…ØŒ Ø¹Ù„ÙŠÙƒÙ… Ø£Ù† ØªÙ„Ø¬Ø£ÙˆØ§ Ø¥Ù„Ù‰ ÙŠØ³ÙˆØ¹ Ø§Ù„Ù…Ø³ÙŠØ­ Ø§Ù„Ù…Ø®Ù„ØµØŒ Ø§Ù„Ø°ÙŠ ÙØ¯Ù‰ Ø§Ù„Ø¨Ø´Ø±ÙŠØ© Ø¬Ù…Ø¹Ø§Ø¡ Ø¨Ø¯Ù…Ù‡ØŒ ÙˆØ¯ÙØ¹ Ø«Ù…Ù† Ø®Ø·Ø§ÙŠØ§ Ø§Ù„Ù†Ø§Ø³â˜ğŸ¼ğŸ™ğŸ¼ğŸ›,"You are Palestinians, your religion is dead, God does not listen to you, you must turn to Jesus Christ the Savior, who redeemed all mankind with his blood and paid for the sins of Ø§Ù„Ù†Ø§Ø³â˜ğŸ¼ğŸ™ğŸ¼ğŸ›",@malika_kz,UCt8NKzsYI_jWlg-xAmTM7Sw,http://www.youtube.com/@malika_kz,0,,,,,,,,,,
UgxfOLQMbmQpAiOC8At4AaABAg,0,0,45214.5995138889,Ø§Ù„Ù†ØµØ± Ø­Ù„ÙŠÙ Ø¥Ø®ÙˆØ§Ù†Ù†Ø§ Ø§Ù„ÙÙ„Ø³Ø·ÙŠÙ†ÙŠÙŠÙ† Ø¨Ø¥Ø°Ù† Ø§Ù„Ù„Ù‡ ØªØ¹Ø§Ù„Ù‰ Ø£Ø®ÙˆÙƒÙ… Ù…Ù† Ø§Ù„ÙŠÙ…Ù†,"Victory is on the side of our Palestinian brothers, God willing, your brother from Yemen",@Alghrabi,UCCdPs6HhFpwyscrJBt7KtXA,http://www.youtube.com/@Alghrabi,0,,,,,,,,,,
Ugxc5qenD75U1LHfdZB4AaABAg,0,0,45214.5909606482,Ø¹Ù†ÙˆØ§Ù†ÙƒÙ… ÙŠØ¯Ù„ Ø§Ù†ÙƒÙ… ØªØ®Ø¯Ù…ÙˆÙ† Ø§Ù„Ù‰ Ø¬Ø§Ù†Ø¨ Ø§Ù„Ù…Ø­ØªÙ„ Ø§Ù„Ø¥Ø³Ø±Ø§Ø¦ÙŠÙ„ÙŠ.... ÙˆØ§Ù„Ù„ÙŠ ÙŠÙˆØ§ÙÙ‚Ù†ÙŠ Ø§Ù„Ø±Ø§ÙŠ Ù„Ø§ÙŠÙƒ,Your address indicates that you are serving alongside the Israeli occupation. .... And whoever agrees with me like this,@abdalkreemalobidi1582,UCf29hp_YiCgobz3X2rVkjwA,http://www.youtube.com/@abdalkreemalobidi1582,0,,,,,,,,,,
UgytLhmJV3tWJ2RDLWZ4AaABAg,0,0,45214.5868518519,Ø§ÙŠÙ‡ Ø§Ù„Ù…Ø±Ø¹Ø¨ ÙÙŠÙ‡ ÙŠØ§Ù‚Ù†Ø§Ù‡ ÙØ§Ø´Ù„Ù‡,What's so scary about it?,@Saraahmed-ev7kw,UCpB4IYjP6T4_PI2qqEtjMeQ,http://www.youtube.com/@Saraahmed-ev7kw,0,,,,,,,,,,
UgxPXW3LnD6m453kPmZ4AaABAg,0,0,45214.5853472222,Ø§Ø¹Ù„Ø§Ù… Ø§Ù„Ø¹Ø§Ø± Ù…Ø¬Ø§Ù‡Ø¯ÙŠÙ† Ø­Ù…Ø§Ø³ Ù„ÙŠØ³ Ù…Ù‚Ø§ØªÙ„ÙŠÙ† Ø­Ù…Ø§Ø³,"Media of Shame Hamas Mujahideen, not Hamas fighters",@fatehman6938,UCiYphPYEsQCxHkmq44BxwDQ,http://www.youtube.com/@fatehman6938,0,,,,,,,,,,
UgyMaWjvcgMQ2qkVIkN4AaABAg,0,0,45214.5800347222,ÙˆØ§ØµØ¯Ø§Ù…Ø§Ø§Ø§Ø§Ø§Ù‡ ÙˆØ§ØµØ¯Ø§Ù…Ø§Ø§Ø§Ø§Ù‡ Ø§Ù„Ø£Ø±Ø¶ ØªØ¨Ù„Øº Ø§Ù„Ø¬Ø¨Ø§Ù† ÙˆØ§Ù„Ø´Ø¬Ø§Ø¹ Ø§Ù„Ù…ØºÙˆØ§Ø±,"Wassadamaa, Wassadamaa, Wassadamaa, the earth informs the coward and the brave.",@user-pw7uc2rm7e,UCxM7_UhxkgEYaGpaaEQgD6A,http://www.youtube.com/@user-pw7uc2rm7e,0,,,,,,,,,,
UgxuzXYCTUX1FUV_xwF4AaABAg,0,0,45214.5656365741,Ø§Ù„Ù„Ù‡Ù… Ø§Ù†ØµØ± Ø§Ù„Ø¥Ø³Ù„Ø§Ù… ÙˆØ§Ø¹Ø² Ø§Ù„Ù…Ø³Ù„Ù…ÙŠÙ† ÙˆÙ†ØµØ±Ù†Ø§ Ø¹Ù„Ù‰ Ù‚ÙˆÙ… Ø§Ù„Ø¸Ø§Ù„Ù…ÙŠÙ† ÙˆØ§Ù„Ø®Ø²Ùˆ ÙˆØ§Ù„Ø¹Ø§Ø± Ù„Ù„Ø¬Ø¨Ù†Ø§Ø¡,"O God, support Islam, strengthen the Muslims, and give us victory over the oppressors, and shame and disgrace to the cowards.",@user-vu4lh2rf8i,UCyzV3Y7UZr3M3q5I2Dn1RbA,http://www.youtube.com/@user-vu4lh2rf8i,0,,,,,,,,,,
UgyLBqUjQx1NrjoOeWV4AaABAg,0,0,45214.5392939815,Ø§ÙŠ Ø¬Ù‡ ØªØ§Ø¨Ø¹Ù‡ Ù„Ø§Ø§ÙŠØ±Ø§Ù† Ù„Ø­Ø¯ ÙŠØµØ¯Ù‚Ù‡Ø§ ÙˆØ´ÙÙ†Ø§ Ø§Ø¹Ù„Ø§Ù… Ø§Ù„Ø­ÙˆØ«ÙŠ Ø§Ù„ÙƒØ§Ø°Ø¨ Ø§Ù„Ù…Ø¶Ù„Ù„ Ù„Ø±Ø£ÙŠ Ø§Ù„Ø¹Ø§Ù… Ø§ÙÙ„Ø§Ù… ÙˆÙ…Ø³Ù„Ø³Ù„Ø§Øª ÙˆØ±Ø¹Ø¨ Ø§Ù†ØªØ§Ø¬ Ù…ØªØ¹ÙˆØ¨ Ø¹Ù„ÙŠÙ‡ğŸ˜‚,"We have seen the Houthi false media misleading the public opinion, movies, series and horror shows, and the production of tired productions.",@user-kk1yl2zo2f,UCaHRqbYyWws7g8oJ0ibFwUw,http://www.youtube.com/@user-kk1yl2zo2f,0,,,,,,,,,,
Ugym0o3RsnSE4ofeXbN4AaABAg,0,0,45214.5384143519,Ø§Ù„Ù„Ù‡ ÙŠØºÙ„Ø¨ Ø§Ø®ÙˆØ§Ù†Ù†Ø§ Ø§Ù„Ù…Ø¬Ø§Ù‡Ø¯ÙŠÙ† Ø§Ù„ÙÙ„Ø³Ø·Ù†ÙŠÙŠÙ† Ø¹Ù„Ù‰ Ø§Ø¹Ø¯Ø§Ø¡ Ø§Ù„Ù„Ù‡ Ø§Ù„ÙŠÙ‡ÙˆØ¯ Ø§Ù„ØµÙ‡Ø§ÙŠÙ†Ø© ..Ù…ØµÙŠØ±Ù‡Ù… Ø¬Ù‡Ù†Ù… Ø®Ø§Ù„Ø¯ÙŠÙ† ÙÙŠÙ‡Ø§ ÙˆØ¨ÙŠØ³ Ø§Ù„Ù…ØµÙŠØ± .,"May God defeat our Palestinian Mujahideen brothers against the enemies of God, the Zionist Jews ... Their fate is Hellfire, in which they are immortal and miserable.",@bahijaalaoui1885,UCLwUwOMRBPG7vbbI_dXfGgg,http://www.youtube.com/@bahijaalaoui1885,0,,,,,,,,,,
Ugw27sy6MxG_5iGEbSp4AaABAg,0,0,45214.5381712963,Ù‡Ù‡Ù‡Ù‡Ù‡Ù‡Ù‡Ù‡Ù‡Ù‡Ù‡Ù‡Ù‡Ù‡Ù‡Ù‡ Ù…Ø¹Ù‚ÙˆÙ„ ÙƒÙ„ Ù‡Ø°Ø§ Ø§Ù„Ø±ØµØ§Øµ ÙˆÙ„Ø§ Ø·Ù„Ù‚Ù‡ ÙˆØ­Ø¯Ù‡ Ø£ØµØ§Ø¨Øª Ø§Ù„Ø³ÙŠØ§Ø±Ù‡ Ù…Ø³Ù„Ø³Ù„ Ø¨Ø§Ø¨ Ø§Ù„Ø­Ø§Ø±Ù‡ ğŸ˜‚,The car was hit by a single bullet that hit the car in Bab Al Harra ğŸ˜‚,@user-kk1yl2zo2f,UCaHRqbYyWws7g8oJ0ibFwUw,http://www.youtube.com/@user-kk1yl2zo2f,0,,,,,,,,,,
UgydQFQIvmVUc6KejHh4AaABAg,0,0,45214.5374305556,Ø§Ù„Ù„Ù‡Ù… Ø§Ù†ØµØ± Ø§Ø®ÙˆØ§Ù†Ù†Ø§ ÙÙŠ ÙÙ„Ø³Ø·ÙŠÙ† ..Ø§Ù† ÙŠÙ†ØµØ±Ù‡Ù… Ø§Ù„Ù„Ù‡ ÙÙ„Ø§ ØºØ§Ù„Ø¨ Ù„Ù‡Ù…,"O God, help our brothers in Palestine, if God gives them victory, they will not be defeated.",@bahijaalaoui1885,UCLwUwOMRBPG7vbbI_dXfGgg,http://www.youtube.com/@bahijaalaoui1885,0,,,,,,,,,,
UgxvtogDkh2su1Drvt14AaABAg,0,0,45214.5353703704,Ø¯Ø±ÙˆØ¯ Ø§Ù„ Ø§ÛŒØ±Ø§Ù†ÛŒ â¤â¤â¤,Drood al-Iran â¤â¤â¤â¤,@user-ei7dh3fk1n,UC6ppPqJ-F1x1QFg1eolVX6Q,http://www.youtube.com/@user-ei7dh3fk1n,0,,,,,,,,,,
Ugw8sQT500Fz0hjun7F4AaABAg,0,0,45214.4923263889,Ø¨ØªÙ‚ÙˆÙ„Ùƒ Ø§Ù„Ø¬ÙŠØ´ Ø§Ù„Ø§Ø³Ø±Ø§Ø¦ÙŠÙ„Ù‰ Ùˆ Ù…Ù‚Ø§ØªÙ„Ù‰ Ø­Ù…Ø§Ø³ Ù‚Ù†Ø§Ù‡ Ù‚Ø°Ø±Ù‡ ' ÙˆØ³Ø®Ù‡ ' Ø¨ÙƒÙ„ Ù…Ø§ ØªØ­Ù…Ù„ Ø§Ù„ÙƒÙ„Ù…Ù‡ Ù…Ù† Ù…Ø¹Ù†Ù‰ Ø§Ù† Ø´Ø§Ø¡ Ø§Ù„Ù„Ù‡ ÙÙ‰ Ù‡Ù„Ø§Ùƒ Ø¬ÙŠØ´ Ø§Ù„Ø§Ø­ØªÙ„Ø§Ù„ Ùˆ Ø§Ù„Ù†ØµØ± Ù‚Ø±ÙŠØ¨ Ù„Ù„Ù…Ù‚Ø§ØªÙ„ÙŠÙ† Ø§Ù„Ø§Ø­Ø±Ø§Ø±,"The Israeli army and Hamas fighters are a dirty channel in every sense of the word. God willing, the occupation army is doomed and victory is near for the free fighters.",@70da_,UCxTo3elLKHGWcb63cZgv33g,http://www.youtube.com/@70da_,0,,,,,,,,,,
Ugxu5Jbe58kaORtWkgN4AaABAg,0,0,45214.4773148148,Ù‚Ù†Ø§Ø© Ø§Ù„Ø¹Ø¨Ø±ÙŠØ©,Hebrew Channel,@user-yw1xn5ew1i,UC_acm_dXOybl_KMBzL-yCXA,http://www.youtube.com/@user-yw1xn5ew1i,0,,,,,,,,,,
UgxnY0XPyJCF663hIiV4AaABAg,0,0,45214.4680902778,Ø§Ù„Ù„Ù‡Ù… Ø«Ø¨Øª Ø®Ø·Ø§Ù‡Ù… Ùˆ Ø³Ø¯Ø¯ Ø±Ù…ÙŠÙ‡Ù… Ùˆ Ø£Ù†ØµØ±Ù‡Ù… Ø¹Ù„Ù‰ Ø§Ù„Ù‚ÙˆÙ… Ø§Ù„Ø¸Ø§Ù„Ù…ÙŠÙ† Ø¹Ø§Ø´Øª ÙÙ„Ø³Ø·ÙŠÙ† Ø­Ø±Ø© Ù…Ø³ØªÙ‚Ù„Ø©â¤,Long live a free and independent Palestine!,@scorpionff5897,UCZa4x9ZqjUWco5kzFXwjThQ,http://www.youtube.com/@scorpionff5897,0,,,,,,,,,,
UgyLXBLtLCJYtP63RGR4AaABAg,0,0,45214.4310185185,Ù‚Ù†Ø§Ø© Ø§Ù„Ø¹Ø¨Ø±ÙŠØ© ğŸ˜‚ Ù…Ù‚Ù‡ÙˆØ±ÙŠÙ† Ø§Ù„Ù„Ù‡ ÙŠØ²ÙŠØ¯ÙƒÙ… Ø§Ù„ÙÙŠØ¯ÙŠÙˆ Ù…Ø¨Ù‡Ø¬ ÙˆÙ…Ø±Ø¹Ø¨ Ù„ÙƒÙ… ÙŠØ§ Ø®Ù†Ø§Ø²ÙŠØ± Ø¨Ù†ÙŠ ØµÙ‡ÙŠÙˆÙ†,"The Hebrew channel ğŸ˜‚ğŸ˜‚ The video is delightful and terrifying for you, pigs of Bani Zion",@abogaleb10,UCDQByR8QoVpuCYAHHDe-tnw,http://www.youtube.com/@abogaleb10,0,,,,,,,,,,
UgwL1C_GXRfGB1gtVO54AaABAg,0,0,45214.4040740741,Ø§Ù„Ù„Ù‡ ÙŠÙ…Ø¯Ù‡Ù… Ø¨Ù…Ø¯Ø¯Ù‡ Ø§Ø±Ø­Ù… Ø§Ù„Ø±Ø§Ø­Ù…ÙŠÙ† ğŸ¤²,May God give them a long life ğŸ¤²,@user-wv9qk6qq1k,UCN1x1SieaTFqQ3c-sfSlanw,http://www.youtube.com/@user-wv9qk6qq1k,0,,,,,,,,,,
UgzculT6c9ruKdQIIGx4AaABAg,0,0,45214.3578240741,Ù‡Ø§Ø°Ù‡ Ø§Ù„Ù‚Ù†Ø§Ø© Ø§Ù„ØµØ±Ù Ø§Ù„ØµØ­ÙŠ Ù…Ø¹Ø±ÙˆÙØ© Ø¹Ù†Ø¯ Ø§Ù„Ø§Ù…Ø© Ø¹Ù…ÙŠÙ„Ø© ØµÙ‡ÙŠÙˆÙ†ÙŠØ© ØªØ±Ø³Ø® ÙˆØªØ±ÙˆØ¬ Ù„ Ø§Ù„Ø§Ø­ØªÙ„Ø§Ù„ ÙˆØ§Ù„ØªØ·Ø¨ÙŠØ¹ ÙˆØ³ØªÙØ´Ù„ÙˆÙ†,"This sewage channel is known to the nation as a Zionist agent that reinforces and promotes occupation and normalization, and you will fail",@smailgsm55,UCZtOpAlItd_7kzcdVCjCrbw,http://www.youtube.com/@smailgsm55,0,,,,,,,,,,
Ugyp2K_spaMxeuX7VsR4AaABAg,0,0,45214.3571064815,ØµØ­Ø­ ÙƒÙ„Ø§Ù…ÙƒÙ… Ø¨ÙŠÙ† Ø§Ù„Ù…Ù‚Ø§ÙˆÙ…Ø© ÙˆØ§Ù„Ø§Ø­ØªÙ„Ø§Ù„,Correct the distinction between resistance and occupation,@smailgsm55,UCZtOpAlItd_7kzcdVCjCrbw,http://www.youtube.com/@smailgsm55,0,,,,,,,,,,
UgyT5s49UkkzweyNW9d4AaABAg,0,0,45214.2892476852,Ù…Ù‡Ø²Ù„Ø© Ø¬ÙŠØ´ ÙƒØ§Ù…Ù„ ÙŠÙˆØ§Ø¬Ù‡ Ø§Ø«Ù†ÙŠÙ† Ø§Ùˆ Ø«Ù„Ø§Ø«Ø© Ù…Ù† Ø¬Ù†ÙˆØ¯ Ø­Ù…Ø§Ø³ Ù„Ù„Ø§Ø³Ù Ù‚Ù†Ø§Ø© Ø§Ù„Ø¹Ø±Ø¨ÙŠÙ‡ ØªØ´ÙˆÙ‡ Ø§Ù„Ø­Ù‚Ø§Ø¦Ù‚ ØªØ¨Ø§ Ù„ÙƒÙ… Ù„Ù„Ø§Ø¹Ù„Ø§Ù… Ø§Ù„Ù…Ø¶Ù„Ù„,"An entire army facing two or three Hamas soldiers is a farce. Unfortunately, Al-Arabiya distorts the facts.",@user-zi8kv2px6t,UCsm2vwKXtNG6b5InJ49XDQA,http://www.youtube.com/@user-zi8kv2px6t,0,,,,,,,,,,
UgzHACebBrmbeWbFEhR4AaABAg,0,0,45214.288275463,Salute the reporting,Salute the reporting,@GhausAlam-kn2bl,UCZebzimZdZO8Jksy1OwlFbQ,http://www.youtube.com/@GhausAlam-kn2bl,0,,,,,,,,,,
UgxpPJKnJGfUCMeEetZ4AaABAg,0,0,45214.2792708333,Ù„Ø§Ø­ÙˆÙ„ ÙˆÙ„Ø§ Ù‚ÙˆØ© Ø¥Ù„Ø§ Ø¨Ø§Ù„Ù„Ù‡ Ø§Ù„Ø¹Ù„ÙŠ Ø§Ù„Ø¹Ø¸ÙŠÙ…,There is no power except in God Almighty,@annhaa1060,UC-Z0XC1eYZN7Wcag0w_w6wg,http://www.youtube.com/@annhaa1060,0,,,,,,,,,,
UgwrPljSwUDXMh-fJ1l4AaABAg,0,0,45214.2542708333,chaine israÃ©lienne,chaine israÃ©lienne,@layachisail674,UCmO1S7zfNEKMFPgoprM62CA,http://www.youtube.com/@layachisail674,0,,,,,,,,,,
Ugw1FO2BeSIHPY9CsM54AaABAg,0,0,45214.2329398148,ğŸ‡µğŸ‡¸ğŸ‡µğŸ‡¸ğŸ‡µğŸ‡¸ğŸ‡µğŸ‡¸ğŸ‡µğŸ‡¸ğŸ‡µğŸ‡¸ğŸ‡µğŸ‡¸,ğŸ‡µğŸ‡¸ğŸ‡µğŸ‡¸ğŸ‡µğŸ‡¸ğŸ‡µğŸ‡¸ğŸ‡µğŸ‡¸ğŸ‡µğŸ‡¸ğŸ‡µğŸ‡¸,@abeharmouche595,UCiDGTYy9XRS2XBINbZGfP2w,http://www.youtube.com/@abeharmouche595,0,,,,,,,,,,
UgzemlRvsBk1snBSsQ94AaABAg,0,0,45214.2172916667,"âŒï¸ØªÙ†Ø¨ÙŠÙ‡ âŒï¸ (Ø¥Ø³Ø±Ø§Ø¦ÙŠÙ„ Ù‡Ùˆ ÙŠØ¹Ù‚ÙˆØ¨ Ø¹Ù„ÙŠÙ‡ Ø§Ù„Ø³Ù„Ø§Ù…) Ù…Ø´ÙƒÙ„Ø© Ø¨Ø¹Ø¶ Ø§Ù„Ù†Ø§Ø³ ÙŠÙ‚ÙˆÙ„: \""Ø§Ù„Ù„Ù‡Ù… Ø§Ù„Ø¹Ù† Ø¥Ø³Ø±Ø§Ø¦ÙŠÙ„\""ØŒ ÙŠØ¹Ù†ÙŠ ÙŠÙ„Ø¹Ù† ÙŠØ¹Ù‚ÙˆØ¨ Ø¹Ù„ÙŠÙ‡ Ø§Ù„Ø³Ù„Ø§Ù…ØŸ...Ø£Ùˆ Ù„Ø¹Ù†Ø© Ø§Ù„Ù„Ù‡ Ø¹Ù„Ù‰ Ø¥Ø³Ø±Ø§Ø¦ÙŠÙ„. Ù„Ø§Ø› Ù‚Ù„ Ù„Ø¹Ù†Ø© Ø§Ù„Ù„Ù‡ Ø¹Ù„Ù‰ Ø§Ù„ÙŠÙ‡ÙˆØ¯ØŒ Ø£Ùˆ Ù„Ø¹Ù† Ø§Ù„Ù„Ù‡ Ø§Ù„ÙŠÙ‡ÙˆØ¯Ø› Ù„Ø§ ØªÙ‚Ù„ Ø¥Ø³Ø±Ø§Ø¦ÙŠÙ„. (ØµØ§Ù„Ø­ Ø§Ù„ÙÙˆØ²Ø§Ù†/Ø§Ù„Ù…Ù†ØªÙ‚Ù‰ Ù…Ù† Ø£Ø®Ø¨Ø§Ø± Ø³ÙŠØ¯ Ø§Ù„Ù…Ø±Ø³Ù„ÙŠÙ† Ù¢/Ù¢/Ù¡Ù¤Ù£Ù¤). ğŸƒğŸ‚","""âŒï¸ØªÙ†Ø¨ÙŠÙ‡ âŒï¸ (Israel is Jacob, peace be upon him) Problem Some people say: \""God curse Israel","\"" meaning curse Jacob", peace be upon him...or God's curse on Israel. No; say God's curse on the Jews, or God's curse on the Jews; don't say Israel. (Saleh al-Fouzan / Al-Muntaqaqi from the News of the Master of Messengers," 2/2/1434). ğŸƒğŸ‚""",@user-kv7mv8km2t,UCNJcPEbGbgqgqmNymyYv93w,http://www.youtube.com/@user-kv7mv8km2t,0,,,,,,
Ugy6yAxrw9HbE87sdY94AaABAg,0,0,45214.1977893519,ÙŠØ§Ø±Ø¨ ÙŠØ§ Ø¬Ø¨Ø§Ø± Ø§Ù„Ø®ÙˆØ§Ø·Ø± Ø£Ø¬Ø¨Ø± Ø®Ø§Ø·Ø±Ù†Ø§ Ø¨Ù†ØµØ±Ùƒ Ø§Ù„Ù…Ø¨ÙŠÙ† Ø¹Ù„Ù‰ Ø§Ù„ØµÙ‡Ø§ÙŠÙ†Ø© Ø§Ù„Ù…Ù„Ø§Ø¹ÙŠÙ† ÙˆÙ…Ù† Ø¹Ø§ÙˆÙ†Ù‡Ù…,"Lord, you are the one who makes us feel better with your clear victory over the damned Zionists and those who supported them.",@user-kp6wp4qp4i,UCR8ikUpoKu1Jmk_pK19Tg4w,http://www.youtube.com/@user-kp6wp4qp4i,0,,,,,,,,,,
UgyFpG7YZfJmCIEmOHd4AaABAg,0,0,45214.1972106482,Ø§Ù„Ù„Ù‡Ù… ØµÙ„ ÙˆØ³Ù„Ù… ÙˆØ¨Ø§Ø±Ùƒ Ø¹Ù„Ù‰ Ø³ÙŠØ¯Ù†Ø§ ÙˆÙ†Ø¨ÙŠÙ†Ø§ Ùˆ Ø­Ø¨ÙŠØ¨Ù†Ø§ ÙˆØ´ÙÙŠØ¹Ù†Ø§ ÙˆØªØ§Ø¬ Ø±Ø¤Ø³Ù†Ø§ Ø³ÙŠØ¯Ù†Ø§ Ù…Ø­Ù…Ø¯ ÙˆØ¹Ù„Ù‰ Ø¢Ù„Ù‡ ÙˆØµØ­Ø¨Ù‡ Ø£Ø¬Ù…Ø¹ÙŠÙ†,"O God, pray, peace and blessings be upon our master, our prophet, our beloved, our intercessor and the crown of our heads, our master Muhammad, and upon his family and all his companions.",@user-kp6wp4qp4i,UCR8ikUpoKu1Jmk_pK19Tg4w,http://www.youtube.com/@user-kp6wp4qp4i,0,,,,,,,,,,
UgyGQD_Pt0Bs7-wAqih4AaABAg,0,0,45214.1870717593,ÙƒÙ„Ù‡Ø§ Ù„Ø¹Ø¨Ø© Ø§Ù„ØµÙ‡Ø§ÙŠÙ†Ù‡ ÙˆØ§ÙŠØ±Ø§Ù†. Ø§Ù„Ù‚Ø³Ø§Ù… Ù…Ø¯Ø¹ÙˆÙ…Ù‡ Ù…Ù† Ø­Ø²Ø¨ Ø§Ù„Ø´ÙŠØ·Ø§Ù† ÙˆØ§ÙŠØ±Ø§Ù†. Ø§Ù„Ù„Ù‡ ÙŠÙ†ØµØ± Ø§Ø®ÙˆØ§Ù†Ø§ ÙÙŠ ØºØ²Ø©,It's all a game of Zionists and Iran. Al-Qassam is supported by Hezbollah and Iran. May God help our brothers in Gaza,@S.16n,UCjQXWTVSxwitsXq9WQ5ZhXA,http://www.youtube.com/@S.16n,0,,,,,,,,,,
UgybZOKgoOhpZlwqIRN4AaABAg,0,0,45214.1698032407,Ø§Ù„Ø§ØªÙ†ÙŠÙ† ÙˆÙ„Ø§Ø¯ ÙˆØ³Ø®Ù‡ Ø³ÙˆØ§Ø¡ Ù…Ø³Ù„Ù…ÙŠÙ† Ø§Ùˆ ÙŠÙ‡ÙˆØ¯,Both Muslims and Jews are dirty bastards.,@hanygeorge8603,UCtNYEVq20iGnw47FdugnmFA,http://www.youtube.com/@hanygeorge8603,0,,,,,,,,,,
UgyJ3Uj5P6wuha-U23N4AaABAg,0,0,45214.0693287037,Ù‚Ù†Ø§ØªÙƒÙ… Ø¹Ø¨Ø±ÙŠØ© ØµÙ‡ÙŠÙˆÙ†ÙŠØ© ÙŠØ§ Ø§ÙˆÙ„Ø§Ø¯ Ø§Ù„...,"Your Hebrew-Zionist channel, you sons of...",@samirbenalal5147,UCgbRJYcEBe2H1xQnKGwlAfQ,http://www.youtube.com/@samirbenalal5147,0,,,,,,,,,,
Ugy6ky8pNRQ0fxJGTk54AaABAg,0,0,45214.0597222222,Ø§Ù„Ù„Ù‡Ù… Ø§Ù†ØµØ± Ø£Ø®ÙˆØ§Ù†Ù†Ø§ Ø§Ù„Ù…Ø¬Ø§Ù‡Ø¯ÙŠÙ† ÙÙŠ ØºØ²Ø© Ùˆ ÙÙ„Ø³Ø·ÙŠÙ†,"O God, support our mujahideen brothers in Gaza and Palestine",@HalimHalim-dj7uq,UC_FndXXBRQAcyAguxhx82gA,http://www.youtube.com/@HalimHalim-dj7uq,0,,,,,,,,,,
UgwUYeK8-4JLypxfB_94AaABAg,0,0,45214.0538425926,Ø±Ø¬Ø§Ù„ Ø§ÙˆØ¬Ø¹ØªÙ‡Ù… Ù„Ø°Ø§Ù„Ùƒ Ø¨Ù‚ØµÙÙˆÙ† Ø§Ù„Ø§Ø·ÙØ§Ù„ ÙˆØ§Ù„Ù†Ø³Ø§Ø¡,Men are so hurt that they bombed women and children.,@user-dk3ny5ov6,UCh9zMihV-M9OivSyK4Bj7Ew,http://www.youtube.com/@user-dk3ny5ov6,0,,,,,,,,,,
Ugybio67t1Zhker-Ept4AaABAg,0,0,45214.033599537,â¤,â¤,@user-zf3ip6wp1y,UCWJr_AtC2RrkkvKGuVc3yZw,http://www.youtube.com/@user-zf3ip6wp1y,0,,,,,,,,,,
UgzhlJF9XrIPjC5rpop4AaABAg,0,0,45214.0333449074,Ø§Ø¶Ø±Ø¨ ÙŠØ§Ù†Ø§ ÙÙ„Ø³Ø·ÙŠÙ†,Strike Yana Palestine,@user-zf3ip6wp1y,UCWJr_AtC2RrkkvKGuVc3yZw,http://www.youtube.com/@user-zf3ip6wp1y,0,,,,,,,,,,
Ugze2e1nFMW3rtAOCY14AaABAg,0,0,45214.0297685185,ÙŠØ§Ø±Ø¨ÙŠ Ø§Ù†ØµØ± ØºØ²Ø© ÙˆØ³Ø¯Ø¯ Ø±Ù…ÙŠÙ‡Ù… ÙˆØ­ÙØ¸Ù‡Ù… Ø¨Ø¹ÙŠÙ†Ùƒ Ø§Ù„ØªÙŠ Ù„Ø§ØªÙ†Ø§Ù… Ø§Ù„Ù…ÙˆÙˆÙˆÙˆØª Ù„Ù„ØµØµØµÙ‡ÙŠÙˆ Ø§Ù…Ø±Ø±ÙŠÙƒÙŠÙŠØ© Ø¹Ø¯ÙˆÙˆÙˆØ© Ø§Ù„Ø§Ù†Ø³Ø§Ù† ÙˆØ¨Ø¤Ø¤Ø±Ù‡ Ø§Ù„Ø§Ø±Ø±Ù‡Ø§Ø¨,"O Lord, help Gaza and protect them with your eye that never sleeps. Death to Zionist America, the enemy of mankind and its hotbeds of terrorism.",@user-cy9km2zf1k,UCi2pHYIlKKFNZ8_6V6lvONA,http://www.youtube.com/@user-cy9km2zf1k,0,,,,,,,,,,
UgyunEP8S6ilUA4_TrJ4AaABAg,0,0,45214.0226736111,Ù…Ø§ Ø´Ø§Ø¡ Ø§Ù„Ù„Ù‡ Ø´ÙƒÙ„Ù‡Ø§ Ø§Ù„Ù…Ø¹Ù„Ù‚Ø© Ù†Ø¯Ù„Øª Ø¹Ù„Ù‰ ÙƒÙ„Ù…Ø© Ø¬Ø¯ÙŠØ¯Ø© Ø­Ø²Ø±ÙˆØ§ Ø§ÙŠØ´ Ù‡ÙŠØ§ØŸ,"Mashallah is a new word, guess what it is?",@mueenq.al-jayousi2673,UCTNmO1kMJeNmG1OPWrgLuhA,http://www.youtube.com/@mueenq.al-jayousi2673,0,,,,,,,,,,
UgwZkaqXGZJElu4S3_Z4AaABAg,0,0,45214.0134375,Ø¬Ù†ÙˆØ¯ Ø§Ù„Ø¥Ø­ØªÙ„Ø§Ù„*,Occupation soldiers*,@zt827,UCvbWuGziCNH79H97lL3QIVA,http://www.youtube.com/@zt827,0,,,,,,,,,,
Ugz9Mv6vZmeuFYNJQtF4AaABAg,0,0,45214.0103587963,Ø§Ù„Ù„Ù‡Ù… Ù†ØµØ±Ùƒ Ù„Ø§Ù‡Ù„Ù†Ø§ ÙÙŠ ØºØ²Ù‡,"Oh God, your victory for our people in Gaza",@user-dw9jk6hf8u,UChqGUYZWpdwoT9Qg_PUvajA,http://www.youtube.com/@user-dw9jk6hf8u,0,,,,,,,,,,
UgwsIyKknCTeVMMzUHZ4AaABAg,0,0,45214.0067476852,Ø§Ù„Ù‡Ù… Ø§Ù†ØµØ± Ø§Ù„ÙÙ„Ø³Ø·Ù†ÙŠÙŠÙ† Ø¹Ù„Ù‰ Ø§Ù„Ø§Ø¹Ø¯Ø§Ø¡ ØŒ,Help the Palestinians against their enemies.,@sisitanjawi8402,UCw-VNgKO-ZEjmVuDDFJ14Og,http://www.youtube.com/@sisitanjawi8402,0,,,,,,,,,,
UgxYCRsuO4_TNIHAHV54AaABAg,0,0,45213.9991435185,ÙƒÙ„ Ù‡Ø§Ù„ØµÙ‡Ø§ÙŠÙ†Ø© Ù…ØªØ¬Ù…Ø¹ÙŠÙ† ÙˆÙ…Ø¯Ø¬Ø¬ÙŠÙ† Ø¨Ø§Ù„Ø³Ù„Ø§Ø­ ØªÙ„Ø§Ù‚ÙŠÙ‡Ù… Ø¨Ù…ÙˆØ§Ø¬Ù‡Ù… Ø±Ø¬Ù„ÙŠÙ† Ù…Ù† Ø­Ù…Ø§Ø³ Ù‡Ù‡Ù‡Ù‡Ù‡ Ø§Ù„Ø­Ù…Ø¯Ù„Ù„Ù‡ Ø§Ù„Ø°ÙŠ Ø²Ø±Ø¹ ÙÙŠ Ù‚Ù„ÙˆØ¨ÙƒÙ… Ø§Ù„Ø±Ø¹Ø¨ ÙˆØ²Ø±Ø¹ ÙÙŠ Ù‚Ù„ÙˆØ¨Ù†Ø§ Ø­Ø¨ Ø§Ù„Ø´Ù‡Ø§Ø¯Ø© . ÙŠÙ‚ÙˆÙ„ Ø§Ù„Ø±Ø³ÙˆÙ„ ØµÙ„Ù‰ Ø§Ù„Ù„Ù‡ Ø¹Ù„ÙŠÙ‡ ÙˆØ³Ù„Ù… (Ù†ØµØ±Øª Ø¨Ø§Ù„Ø±Ø¹Ø¨ ) ÙÙˆØ§Ù„Ù„Ù‡ ÙˆØ¨Ø§Ù„Ù„Ù‡ ÙˆØªØ§Ù„Ù„Ù‡ Ù„Ùˆ Ø§Ù†Ù‡Ø§ Ù…ÙˆØ§Ø¬Ù‡Ø§Øª Ù…Ø¨Ø§Ø´Ø±Ø© Ù„Ù…Ø§ Ø§ÙƒÙ…Ù„ØªÙ… 48 Ø³Ø§Ø¹Ø© ÙÙŠ ÙÙ„Ø³Ø·ÙŠÙ†,"All these Zionists are gathered and armed with weapons, and you meet them in front of two men from Hamas, praise be to Allah, who put terror in your hearts and planted in our hearts the love of martyrdom. The Prophet (peace be upon him) says, \""I won with terror.\"" By God, by God, and by God, if it had been direct confrontations, you would not have completed 48 hours in Palestine.",@user-ig5my4og8f,UCZ2HVcuMhEmhIkOGYUlcMHw,http://www.youtube.com/@user-ig5my4og8f,0,,,,,,,,,,
UgwUZZTKXrW9dYE2dex4AaABAg,0,0,45213.9859606482,Ø§Ù„Ù„Ù‡Ù… Ø§Ù†ØµØ± Ø§Ø®ÙˆØ§Ù†Ù†Ø§ Ø§Ù„Ù…Ø¬Ø§Ù‡Ø¯ÙŠÙ† ÙÙŠ ÙÙ„Ø³Ø·ÙŠÙ† .,"O God, support our mujahideen brothers in Palestine.",@user-ry3bd9eq1w,UCN0y-k5X4qNzWyPSOmMCiEw,http://www.youtube.com/@user-ry3bd9eq1w,0,,,,,,,,,,
UgzpLhe6c9Unk2XhGEd4AaABAg,0,0,45213.9769560185,ÙÙŠØ¯ÙŠÙˆ Ø¬Ù…ÙŠÙ„ Ù…ÙÙŠØ´ Ø±Ø¹Ø¨ ğŸ˜‚ğŸ˜‚ğŸ˜‚ğŸ˜‚,"Nice video, no horror ğŸ˜‚ğŸ˜‚ğŸ˜‚ğŸ˜‚",@RedaReda-kd6sk,UCafZgbo3EgbObeh9-A5Y-YA,http://www.youtube.com/@RedaReda-kd6sk,0,,,,,,,,,,
UgxvP6efac5EryB4X0p4AaABAg,0,0,45213.9668055556,ÙŠØ§Ø±ÙŠØª Ø§Ù„Ø£Ø®Øª Ø§Ù„Ù…Ø°ÙŠØ¹Ù‡ ØªØªØ­Ø¬Ø¨ Ø·Ø§Ø¹Ù‡ Ù„Ù„Ù‡ ÙˆØ¨Ù„Ø§Ø´ Ù…ÙƒÙŠØ§Ø¬,I wish the sister anchorwoman would veil herself in obedience to God and not wear makeup.,@user-gu5vg9wy8n,UCsAthRsUAyiSKBWuSqsGhSw,http://www.youtube.com/@user-gu5vg9wy8n,0,,,,,,,,,,
UgxlEsFLdhto32gwpf54AaABAg,0,1,45213.9625115741,ğŸ‡®ğŸ‡±ğŸ‡®ğŸ‡±ğŸ‡®ğŸ‡±ğŸ‡®ğŸ‡±ğŸ‡®ğŸ‡±ğŸ‡®ğŸ‡±ğŸ‡®ğŸ‡±ğŸ’–ğŸ’–ğŸ’–ğŸ’–ğŸ’–ğŸ’–ğŸ’–ğŸ’–,ğŸ‡®ğŸ‡±ğŸ‡®ğŸ‡±ğŸ‡®ğŸ‡±ğŸ‡®ğŸ‡±ğŸ‡®ğŸ‡±ğŸ‡®ğŸ‡±ğŸ‡®ğŸ‡±ğŸ’–ğŸ’–ğŸ’–ğŸ’–ğŸ’–ğŸ’–ğŸ’–ğŸ’–,@user-gx5vz1rc9n,UCuFIPE8EQv1dIS0C_nu5zzg,http://www.youtube.com/@user-gx5vz1rc9n,0,,,,,,,,,,
UgwaLXbcAlKT66Ly6BZ4AaABAg,0,1,45213.9623148148,ğŸ‡µğŸ‡¸ğŸ‡µğŸ‡¸ğŸ‡µğŸ‡¸ğŸ‡µğŸ‡¸ğŸ‡µğŸ‡¸ğŸ‡µğŸ‡¸â˜ ï¸â˜ ï¸â˜ ï¸â˜ ï¸â˜ ï¸â˜ ï¸ğŸ¤®ğŸ¤®ğŸ¤®ğŸ¤®ğŸ¤®,ğŸ‡µğŸ‡¸ğŸ‡µğŸ‡¸ğŸ‡µğŸ‡¸ğŸ‡µğŸ‡¸ğŸ‡µğŸ‡¸ğŸ‡µğŸ‡¸â˜ ï¸â˜ ï¸â˜ ï¸â˜ ï¸â˜ ï¸â˜ ï¸ğŸ¤®ğŸ¤®ğŸ¤®ğŸ¤®ğŸ¤®,@user-gx5vz1rc9n,UCuFIPE8EQv1dIS0C_nu5zzg,http://www.youtube.com/@user-gx5vz1rc9n,0,,,,,,,,,,
UgzrBYxs1mSrGcLY48B4AaABAg,0,0,45213.9606944444,Ø¹Ø§Ø´Øª Ø§Ù„Ù…Ù‚Ø§ÙˆÙ…Ø© Ø§Ù„ÙÙ„Ø³Ø·ÙŠÙ†ÙŠØ©......Ø§Ù†Ø³ÙÙˆÙ‡Ù… ØªØ³ÙØŒ! ] Ø§Ù…Ø§ Ø§Øª ÙŠØ§ Ø¹Ù…ÙŠÙ„Ø© Ø§Ù„ØµÙ‡ÙŠÙˆÙ† Ù Ù„ÙŠØ³ Ù‡Ù†Ø§Ùƒ Ù„Ø§ ØªØ­ÙŠÙŠØ¯ ÙˆÙ„Ø§ Ø²Ø¨Ø§Ù„Ø©,"Long live the Palestinian resistance!] As for you, Zionist agent, there is neither neutralization nor garbage",@lamiahanniche9729,UC1oTgv4op5lby0hbEtzacqw,http://www.youtube.com/@lamiahanniche9729,0,,,,,,,,,,
Ugwsc50AGeJ7j4jXK_R4AaABAg,0,0,45213.9548842593,Ù…Ù† Ø§Ù„Ø¹Ø±Ø§Ù‚ Ø¨ØºØ¯Ø§Ø¯ Ù„ÙƒÙ… Ø­Ø¨ÙŠ ÙˆØ¯Ù…ÙˆØ¹ÙŠ â¤,"From Iraq, Baghdad, you have my love and tears",@al0osha_d202,UChwhZODIcUAZ4uekss8oO-g,http://www.youtube.com/@al0osha_d202,0,,,,,,,,,,
Ugx_KLtnNYzUHpEQhsl4AaABAg,0,1,45213.9427893519,"Ø¥Ø³Ù…Ù‡Ù… Ø§Ù„Ù…Ø¬Ø§Ù‡Ø¯ÙˆÙ† \"" Ø§Ù„Ù…Ù‚Ø§ÙˆÙ…Ø© Ø§Ù„Ø¥Ø³Ù„Ø§Ù…ÙŠØ© \""ÙˆØ§Ø³Ù… Ø¹Ø¯ÙˆÙ†Ø§ Ø§Ù„Ø¥Ø­ØªÙ„Ø§Ù„ Ø§Ù„ØµÙ‡ÙŠÙˆÙ†ÙŠ ÙÙƒÙÙˆØ§ Ø¹Ù† Ø§Ù„ØªØµÙ‡ÙŠÙ† ÙŠØ§ Ø¥Ø¹Ù„Ø§Ù… Ø§Ù„Ø¹Ø§Ø±","The name of the Mujahideen is \""Islamic Resistance\"" and the name of our enemy is the Zionist occupation.",@ademadem-hh5of,UCqOJRQkJPX4qeYSSLrr2eBw,http://www.youtube.com/@ademadem-hh5of,0,,,,,,,,,,
Ugxrw6DNIDEo0UxJGhx4AaABAg,0,0,45213.9391550926,ÙÙŠØ¯ÙŠÙˆ Ù…Ø±Ø¹Ø¨ ÙŠØ§ Ø§ÙˆÙ„Ø§Ø¯ Ø§Ù„Ø­Ø±Ø§Ù… . Ù„Ø§ Ø§Ù†Ù‡Ù… Ø±Ø¬Ø§Ù„ Ø§Ù„Ø±Ø¬Ø§Ù„ .,"Terrifying video, you bastards. No, they're men's men.",@tkhmuharram874,UC6WWNSV3VuZcWBXd4PTcmvw,http://www.youtube.com/@tkhmuharram874,0,,,,,,,,,,
UgxpZTUh-EUNV-Sm53t4AaABAg,0,0,45213.9360763889,Ø¬ÙŠØ´ Ø§Ù„Ø¥Ø³Ø±Ø§Ø¦ÙŠÙ„ÙŠ ÙˆÙ…Ù‚Ø§ØªÙ„ÙŠÙ† Ù…Ù† Ø­Ù…Ø§Ø³ØŸ!! Ø¯Ù‡ Ø§ÙŠÙ‡ Ø§Ù„Ø³ÙŠØ§Ø³Ø© Ø§Ù„ØªØ­Ø±ÙŠØ±ÙŠØ© ØŸ,Israeli army and Hamas fighters? What is this editorial policy?,@user-tv2jl3zj1j,UCCtegZfJfz9vHFPUH4GOaMA,http://www.youtube.com/@user-tv2jl3zj1j,0,,,,,,,,,,
Ugx4cBYuMPl4CB6ut4J4AaABAg,0,0,45213.9324305556,Ø§Ù„Ù„Ù‡ Ø£ÙƒØ¨Ø± ÙˆØ§Ù„Ø¹Ø²Ø© ÙˆØ§Ù„ÙƒØ±Ø§Ù…Ø© Ù„Ù„Ù…Ø¬Ø§Ù‡Ø¯ÙŠÙ† ÙÙŠ ÙÙ„Ø³Ø·ÙŠÙ†. ÙˆÙ„Ø§ ØªÙ‡Ù†ÙˆØ§ ÙˆÙ„Ø§ ØªØ­Ø²Ù†ÙˆØ§ ÙˆØ£Ù†ØªÙ… Ø§Ù„Ø£Ø¹Ù„ÙˆÙ† Ø¥Ù† ÙƒÙ†ØªÙ… Ù…Ø¤Ù…Ù†ÙŠÙ† Ù‚ØªÙ„Ø§Ù†Ø§ Ø´Ù‡Ø¯Ø§Ø¡ ÙÙŠ Ø§Ù„Ø¬Ù†Ø© ÙˆÙ‚ØªÙ„Ø§Ù‡Ù… ÙÙŠ Ø§Ù„Ù†Ø§Ø±,"God is great and glory and dignity to the Mujahideen in Palestine. And do not be discouraged and do not grieve, and you are the highest if you are believers, our killers are martyrs in Paradise and their killers are in Hell.",@hasnialimam9994,UCY1aaNpEAEnEbyj1rsNUbcA,http://www.youtube.com/@hasnialimam9994,0,,,,,,,,,,
UgwYqwg2EaYuGmDbY5h4AaABAg,0,0,45213.9259490741,Ø§Ù„Ù„Ù‡Ù… Ø§Ù†ØµØ± Ø§Ø®ÙˆØ§Ù†Ù†Ø§ ÙÙŠ ÙÙ„Ø³Ø·ÙŠÙ†,"O God, help our brothers in Palestine",@bouchrasoudadi6850,UCBXKopBDQ5Py1qun13QjOIQ,http://www.youtube.com/@bouchrasoudadi6850,0,,,,,,,,,,
Ugz1NjsZ_rCWThlPQfd4AaABAg,0,1,45213.9224074074,Ù„Ù…Ø§Ø°Ø§ Ù„Ø§ ØªÙ‚ÙˆÙ„ÙŠÙ† Ø§Ù„Ø§Ø­ ØªÙ„Ø§Ù„ Ø§Ù„Ø¥Ø³Ø±.... Ø§Ø¦ÙŠÙ„ÙŠ,Why don't you say the hills of captivity.... Eli,@majedkohdor4467,UCWd8Bhqx0Zz4I6mGtZrxlHw,http://www.youtube.com/@majedkohdor4467,0,,,,,,,,,,
UgxlHDfU87Tjkt_5GqV4AaABAg,0,0,45213.9218402778,ÙŠØ§Ø±Ø¨ÙŠ Ù„Ùƒ Ø§Ù„Ø­Ù…Ø¯ ÙˆØ§Ù„Ø§ØªØ¨Ù‚ÙˆÙ‰ Ù…Ù†Ø§ÙÙ‚ Ø¹Ø§Ù†ÙƒÙ… Ø§Ù„Ù„Ù‡ Ø§Ø®ÙˆØªÙ†Ø§ Ø§Ù„ÙÙ„Ø³Ø·ÙŠÙ†ÙŠ,"God help you, our Palestinian brothers.",@abodabdo-vn2xv,UCNbTfCgjLU4TNMkA2i628gw,http://www.youtube.com/@abodabdo-vn2xv,0,,,,,,,,,,
UgyWtH9kaUcd1WGW8WN4AaABAg,0,0,45213.9071180556,Ø§Ù„Ù„Ù‡ ÙŠÙ†ØµØ±ÙƒÙ… ÙŠØ§ Ø§Ø®ÙˆØªÙ†Ø§ Ù„ÙÙ„Ø³Ø·Ù†ÙŠÙŠÙ†,"God help you, my fellow Palestinians",@user-wt3vd3rq1y,UClIghsOrauL7KhB4lJDXwSA,http://www.youtube.com/@user-wt3vd3rq1y,0,,,,,,,,,,
Ugwh2dt6DdVBzrSs5Kh4AaABAg,0,0,45213.8986574074,ÙÙ„Ù… ØªÙ…Ø«ÙŠÙ„ÙŠ Ù„Ø£ÙˆÙ‡Ø§Ù… Ø§Ù„ØµÙ‡Ø§ÙŠÙ†Ø© Ø£Ù† Ù„Ù‡Ù… Ø¬ÙŠØ´ Ù‡Ù‡Ù‡Ù‡Ù‡Ù‡Ù‡Ù‡Ù‡Ù‡Ù‡Ù‡,A movie depicting the Zionists' delusions that they have an army.,@salimtlemcen9107,UCfG3htij3mK5rwHjngyvoQQ,http://www.youtube.com/@salimtlemcen9107,0,,,,,,,,,,
UgyoOvsZDByIk4OmvjF4AaABAg,0,1,45213.8963541667,Ø¥Ø³Ù…Ù‡ Ø¬ÙŠØ´ Ø§Ù„Ø§Ø­ØªÙ„Ø§Ù„ Ø§Ù„ØµÙ‡ÙŠÙˆÙ†ÙŠ ÙŠØ§ Ù‚Ù†Ø§Ù‡ ÙˆØ³Ø®Ù‡ ÙŠØ§ Ù‚Ù†Ø§Ø© Ø§Ù„Ø¹Ø¨Ø±ÙŠÙ‡ Ø§Ù„Ù‚Ø°Ø±Ù‡ Ù„Ø¹Ù†ÙƒÙ… Ø§Ù„Ù„Ù‡ ÙˆÙ„Ø¹Ù† Ø§Ù„ÙŠÙ‡ÙˆØ¯ Ø§Ù„Ø°ÙŠÙ† Ù‚Ø§ÙŠÙ…ÙŠÙ† Ø¹Ù„ÙŠ Ù‡Ø°Ù‡ Ø§Ù„Ù‚Ù†Ø§Ù‡ Ø§Ù„Ø²Ø¨Ø§Ù„Ù‡,"The name of the Zionist occupation army, O dirty channel, O dirty Hebrew channel, God curse you and curse the Jews who are based on this scum channel.",@user-uu5fr4sp1g,UCCwluyJ4ZYCpRBtRBWL-N9g,http://www.youtube.com/@user-uu5fr4sp1g,0,,,,,,,,,,
UgwV6p4kIoVrTvn0Net4AaABAg,0,1,45213.8927546296,Ø§Ù„Ù„Ù‡ ÙŠÙ„Ø¹Ù† Ø§Ù„ÙƒÙŠØ§Ù† Ø§Ù„ØµÙ‡ÙŠÙˆÙ†ÙŠ,God damn the Zionist entity,@user-si2bk7vu5i,UC2jcfZ-1RZ4JP4BTvbEjJOw,http://www.youtube.com/@user-si2bk7vu5i,0,,,,,,,,,,
UgzlaECQCGbP2QcOztZ4AaABAg,0,2,45213.8911111111,Ù‡Ø°Ø§ Ø§Ù„ÙØ¯ÙŠÙˆ Ù„Ø§ Ù‡Ùˆ Ù…Ø±Ø¹Ø¨ ÙˆÙ„Ø§Ù‡Ù… ÙŠØ­Ø²Ù†ÙˆÙ†. Ù„Ø§Ù†Ø³Ù…Ø¹ Ù…Ù†Ù‡ Ø¥Ù„Ø§ Ø·Ù„Ù‚Ø§Øª Ù†Ø§Ø±ÙŠØ© Ù…Ø³ØªØ±Ø³Ù„Ø©. Ù‡ÙŠ Ø¹Ù„ÙŠ Ù…Ø§ ÙŠØ¨Ø¯Ùˆ Ø¹Ù…Ù„ÙŠØ© Ø§Ø´ØªØ¨Ø§Ùƒ ÙˆØªØ¨Ø§Ø¯Ù„ Ø¥Ø·Ù„Ø§Ù‚ Ù†Ø§Ø± ÙˆØ§Ù„Ø®Ù„Ø§ØµØ© Ø§Ù† Ù„Ø§Ø¨Ø¯ Ù…Ù† Ø¶Ø­Ø§ÙŠØ§. ÙŠØ¨Ù‚ÙŠ Ø§Ù„Ø¹Ù†ÙˆØ§Ù† Ø§Ø¶Ø®Ù… Ù…Ù† Ù…Ø­ØªÙˆÙŠ Ø§Ù„ÙÙŠØ¯ÙŠÙˆ.,"This video is neither scary nor sad. We hear nothing but continuous gunshots. It appears to be a clash, an exchange of gunfire, and the conclusion is that there must be casualties. The title is bigger than the content of the video.",@aliben7300,UCZCxRmW-X5NS8xIpiUSPnHw,http://www.youtube.com/@aliben7300,0,,,,,,,,,,
UgyId2CogFVhBKlDhIB4AaABAg,0,1,45213.8826157407,Ø§Ù„Ù„Ù‡Ù… Ø¥Ù†ÙŠ Ø£Ø¹ÙˆØ° Ø¨Ùƒ Ù…Ù† Ø¬ÙÙ‡Ù’Ø¯ Ø§Ù„Ø¨Ù„Ø§Ø¡ Ùˆ Ø¯ÙØ±ÙÙƒ Ø§Ù„Ø´Ù‚Ø§Ø¡ Ùˆ Ø³ÙˆØ¡ Ø§Ù„Ù‚Ø¶Ø§Ø¡ Ùˆ Ø´Ù…Ø§ØªØ© Ø§Ù„Ø£Ø¹Ø¯Ø§Ø¡ . Ù…ØªÙÙ‚ Ø¹Ù„ÙŠÙ‡,"O Allah, I seek refuge in You from the strain of affliction, the misfortune of misfortune, bad judgment, and the gloating of enemies. Agreed upon",@user-io8hk5vl1o,UCD7QlTlKq-P-A9LtepmpkiA,http://www.youtube.com/@user-io8hk5vl1o,0,,,,,,,,,,
Ugz6jbp336XYZSh5f0l4AaABAg,0,1,45213.8661226852,Ø§Ù„Ù„Ù‡Ù… Ø«Ø¨Øª Ø§Ù‚Ø¯Ø§Ù… Ø§Ù„Ù…Ø¬Ø§Ù‡Ø¯ÙŠÙ† ÙˆÙ‚Ùˆ Ù‚Ù„ÙˆØ¨Ù‡Ù… ÙˆØ§Ø¬Ø¹Ù„Ù‡Ù… Ù‡Ù… Ø§Ù„ØºØ§Ù„Ø¨ÙˆÙ†.,"O God, fix the feet of the mujahideen, strengthen their hearts, and make them the victors.",@user-du6cb1jc8r,UCmPYvrkcbxFg2I68b3FEvpg,http://www.youtube.com/@user-du6cb1jc8r,0,,,,,,,,,,
UgyrWMpQqYfVgGC5Xt94AaABAg,0,0,45213.8648726852,Ø¹Ù† Ø§ÙŠ Ø±Ø¹Ø¨ ØªØªØ­Ø¯Ø« Ù†Ø­Ù† Ù„Ø§ Ù†Ù‡Ø§Ø¨ Ø§Ù„Ù…ÙˆØª Ù…Ø«Ù„ Ù‡Ø§Ø¦Ù„Ø§Ø¡ Ø§Ù„Ù‚Ø±Ø¯Ø© Ø§Ù„Ø®Ù†Ø§Ø²ÙŠØ± Ùˆ ÙƒÙ„Ø§Ø¨Ù‡Ù… Ù…Ù† Ø§Ù„Ø¨Ù„Ø¯Ø§Ù† Ø§Ù„Ø¹Ø±Ø¨ÙŠØ© Ø§Ù„ØªÙŠ ØªØ¯Ø¹Ù… Ø§Ù„ØµÙ‡Ø§ÙŠÙ†Ø© Ù…Ù† Ø§Ù„Ø§Ù…Ø§Ø±Ø§Øª Ùˆ Ø§Ù„Ù…ØºØ±Ø¨ Ùˆ Ø§Ù„Ø¨Ø­Ø±ÙŠÙ† Ùˆ Ø§Ù„Ø³Ø¹ÙˆØ¯ÙŠØ©,"We do not fear death like these monkeys, pigs and their dogs from the Arab countries that support the Zionists from the UAE, Morocco, Bahrain and Saudi Arabia.",@zxvbaalrazxv3994,UCYJbCqFXXDxLooRBtJYOscw,http://www.youtube.com/@zxvbaalrazxv3994,0,,,,,,,,,,
Ugw4ZkZDx2qAURKDPep4AaABAg,0,1,45213.8645486111,Ø§Ù„Ù…Ø¹Ø±ÙƒØ© Ø¨ÙŠÙ† Ø§Ù„Ø­Ù‚ Ùˆ Ø§Ù„Ø¨Ø§Ø·Ù„,The battle between right and wrong,@tabahritiaek1435,UCZlGaoLmCwUpjg1dcNOXvVQ,http://www.youtube.com/@tabahritiaek1435,0,,,,,,,,,,
UgzL0zrDKMm1l4_-OnB4AaABAg,0,0,45213.863125,Ù‡Ø§Ø¯Ùˆ Ø¥Ø³Ù…Ù‡Ù… Ø§Ù„Ù…Ù‚Ø§ÙˆÙ…Ø© Ø§Ù„ÙÙ„Ø³Ø·ÙŠÙ†ÙŠØ© Ùˆ Ù„ÙŠØ³Øª Ø¹Ù†Ø§ØµØ± Ùˆ Ø§Ù„Ø¬Ø§Ù†Ø¨ Ø§Ù„Ø§Ø®Ø± Ø¥Ø³Ù…Ù‡ Ù…Ø±ØªØ²Ù‚Ø© Ø§Ù„ÙƒÙŠØ§Ù† Ø§Ù„Ù…Ø­ØªÙ„,"They are called the Palestinian resistance, not militants, and the other side is called the mercenaries of the occupying entity.",@abdelouahabdriss8968,UCjZNwLPIxo8OqxWSNxixD_g,http://www.youtube.com/@abdelouahabdriss8968,0,,,,,,,,,,
Ugw-lSRuWp4goIsgbGV4AaABAg,0,0,45213.8448958333,Ù†ØµØ±Ø§ Ù…Ù† Ø§Ù„Ù„Ù‡ ÙˆÙØªØ­ Ù‚Ø±ÙŠØ¨,God's victory and conquest is near,@user-sg2um3cr9o,UCe-XJ3kL7bfov0DYdUyTWbA,http://www.youtube.com/@user-sg2um3cr9o,0,,,,,,,,,,
UgwkMMhQZT3p28Y9hXt4AaABAg,0,1,45213.8362152778,Ø§Ù„ØµÙ‡Ø§ÙŠÙ†Ø© Ø§Ù„Ø¬Ø¨Ù†Ø§Ø¡ Ù…Ø®ØªØ¨Ø¦ÙˆÙ† Ø®Ù„Ù Ø§Ù„Ø¹Ø±Ø¨Ø© ÙƒØ§Ù„Ù†Ø³ÙˆØ§Ù†,The cowardly Zionists are hiding behind the cart like women,@user-hr8cq5gt6n,UCKKye8TRxCLf3-7gEOGB7KA,http://www.youtube.com/@user-hr8cq5gt6n,0,,,,,,,,,,
UgzwTMQFhVOHB0f7PvR4AaABAg,0,0,45213.8325694444,Ø§Ù„Ù„Ù‡ ÙŠÙ†ØµØ±Ù‡Ù… Ø¹Ù„Ù‰ Ø§Ù„ÙŠÙ‡ÙˆØ¯,God gives them victory over the Jews,@abdennacerzerarga3422,UClEnjFEGNvOf6xOX5mOhMIQ,http://www.youtube.com/@abdennacerzerarga3422,0,,,,,,,,,,
UgwnTbP99IdcuGc8zpx4AaABAg,0,1,45213.8269097222,"\""Ù…Ù‚Ø§ØªÙ„ÙŠÙ† Ù…Ù† Ø­Ù…Ø§Ø³\"" Ø¨Ø¯Ù„ Ø¥Ø³ØªØ¹Ù…Ø§Ù„ : \""Ø¹Ù†Ø§ØµØ± Ù…Ù† Ø§Ù„Ù…Ù‚Ø§ÙˆÙ…Ø©\""ØŒ Ù‚Ù†Ø§ØªÙƒÙ… ØªØµÙ‡ÙŠÙ†Øª ÙˆÙ‡Ø°Ø§ Ù„ÙŠØ³ Ø¨Ø¬Ø¯ÙŠØ¯","\""Hamas fighters\"" instead of using : \""members of the resistance.\"" Your channel has gone too far, and that's nothing new.",@malekbennabi4869,UCu-Ty0m9sy2lOzq4STmXBXg,http://www.youtube.com/@malekbennabi4869,0,,,,,,,,,,
Ugz4IiC8lJAthNgo-s94AaABAg,0,0,45213.8162962963,ÙŠØ§Ø±Ø¨ Ø§Ù„Ù†ØµØ± Ù„Ù„ÙÙ„Ø³Ø·ÙŠÙ†,Victory for Palestine,@munajaffar2647,UCBLYWLEmokJoCWT2iZBqZvA,http://www.youtube.com/@munajaffar2647,0,,,,,,,,,,
Ugw9nCzm6e9NUR6TM3t4AaABAg,0,2,45213.8147800926,Ø¨Ø§Ù„Ù„Ù‡ Ø¹Ù„ÙŠÙƒÙ† Ù‡Ø°Ù‡ Ø§Ù„Ù‚Ù†Ø§Ø© Ø¹Ø±Ø¨ÙŠØ© Ø§Ù… Ø¹Ø¨Ø±ÙŠØ© Ø­ÙŠØ« ØªØ³ØªÙ‚ÙŠ Ø§Ù„Ø§Ø®Ø¨Ø§Ø± Ù…Ù† Ø§Ù„Ø¬ÙŠØ´ Ø§Ù„ØµÙ‡ÙŠÙˆÙ†ÙŠ Ù„ØªØ¯Ù…ÙŠØ± Ø§Ù„ÙÙ„Ø³Ø·ÙŠÙ†ÙŠÙŠÙ† Ù…Ø¹Ù†ÙˆÙŠØ§ ÙˆØ§Ø§Ø­Ù‚ÙŠÙ‚Ø© Ù‡ÙŠ ØªÙ… ØªØ­ÙŠÙŠØ¯ ÙˆØªÙƒØ¨ÙŠÙ„ Ø§ÙŠØ¯ÙŠ Ø§Ù„ØºØ²Ø§Ø© Ø§Ù„ØµÙ‡Ø§ÙŠÙ†Ø© ÙÙŠ Ø§Ù„Ø§Ø´ØªØ¨Ø§Ù‚ ÙŠØ§Ù…Ø·Ø¨Ø¹Ø© Ø§Ù„Ø®Ø§Ø¦Ù†Ø©,"For God's sake, this channel is Arab or Hebrew, as it draws news from the Zionist army to destroy the Palestinians morally, and the truth is that the hands of the Zionist invaders have been neutralized and shackled in the subscription, traitor press",@tahartahar1186,UC7RZ1JMk6QdfcY6BlW6sUjw,http://www.youtube.com/@tahartahar1186,0,,,,,,,,,,
Ugy0HFd1oPMB_lBUjsl4AaABAg,0,0,45213.8091319444,ÙÙŠØ¯ÙŠÙˆ ØªØ§Ø¹ Ø§Ù„Ø²Ø±Ùƒ Ù†ØªØ§Ø¹Ùƒ,Your Zerk video,@user-de9yf3mr4l,UCCWmH_2KdXHtUpiZBlXOUJA,http://www.youtube.com/@user-de9yf3mr4l,0,,,,,,,,,,
Ugxrsd-wybe7c0Xdtx14AaABAg,0,0,45213.8058912037,ÙŠØ¹Ù†ÙŠ Ø§ÙŠÙ‡ Ø¹Ù†Ø§ØµØ± Ø¯ÙˆÙ„ Ø§Ø¨Ø·Ø§Ù„ Ø¶ÙØ± Ø§ØµØºØ± ÙˆØ§Ø­Ø¯ ÙÙŠÙ‡Ù… Ø§Ø­Ø³Ù† Ù…Ù† Ø±Ù‚Ø¨Ø© Ø§ÙŠ Ø±Ø¦ÙŠØ³ Ø¹Ø±Ø¨ÙŠ,What does it mean? The smallest one of them is better than the neck of any Arab president.,@mahamohamed4422,UC6oGXMo0FTKhcXBX10M57Sw,http://www.youtube.com/@mahamohamed4422,0,,,,,,,,,,
UgyvDvZPRzuBI6sOaUF4AaABAg,0,0,45213.8052546296,Ø´Ù‡Ø¯Ø§Ø¡ Ø¨Ø¥Ø°Ù† Ø§Ù„Ù„Ù‡,Martyrs with God's permission,@user-uc1mw6te5u,UC4Ode2al0oy29sSsfyjKGLw,http://www.youtube.com/@user-uc1mw6te5u,0,,,,,,,,,,
UgzpbaCIrXhHbWqobSh4AaABAg,0,1,45213.7977777778,Ø¢Ø«Ø§Ø± Ø§Ù„ØªØ·Ø¨ÙŠØ¹ ÙŠÙ‚ÙˆÙ„ÙˆÙ† Ø§Ù„Ø¬ÙŠØ´ Ø§Ù„Ø§Ø³Ø±Ø§Ø¦ÙŠÙ„ÙŠ ÙˆØ§Ø³Ø±Ø§Ø¦ÙŠÙ„ ÙˆÙ„Ø§ ÙŠÙ‚ÙˆÙ„Ùˆ Ø¹Ù†Ù‡Ù… ÙƒÙŠØ§Ù† ØµÙ‡ÙŠÙˆÙ†ÙŠ Ù…Ø­ØªÙ„,The effects of normalization They say the Israeli army and Israel and do not call them an occupying Zionist entity,@user-pm5et9qj1b,UCV-ARXxjKHv6h1dWbXRg7kw,http://www.youtube.com/@user-pm5et9qj1b,0,,,,,,,,,,
UgxuyTTtmEr3yIHNXg94AaABAg,0,0,45213.7887037037,Ø§Ù„Ø§ Ø¬Ø¯Ø± Ø¨ÙƒÙ… Ø§Ù† ØªÙ‚ÙˆÙ„ÙˆØ§ ÙˆØ§Ø´Ù‚Ø§Ø¦Ù†Ø§ ÙˆØ§Ù„Ø§Ø³Ø±Ø§Ø¦Ù„ÙŠÙ†,Shouldn't you say that our brothers and sisters and the Israelis,@amamasheb4826,UC2jFlec1oYxTxwZTnm5OaQw,http://www.youtube.com/@amamasheb4826,0,,,,,,,,,,
UgyI7JKT2Pzb94mZn4N4AaABAg,0,1,45213.7796064815,Ù‚ØªÙ„Ø§Ù†Ø§ ÙÙŠ Ø§Ù„Ø¬Ù†Ù‡ Ø§Ù„Ù„Ù‡Ù… Ø§Ù†ØµØ± Ø¥Ø®ÙˆØ§Ù†Ù†Ø§ ÙÙŠ ÙÙ„Ø³Ø·ÙŠÙ†,"Our killers are in paradise, O God, help our brothers in Palestine",@user-rd6ln3vt6t,UCTQzTOErMhAkejsOOBSfAoA,http://www.youtube.com/@user-rd6ln3vt6t,0,,,,,,,,,,
UgzejyamurtxPFzO9Rh4AaABAg,0,0,45213.7751041667,Ø³Ø±Ø§ÙˆÙŠÙ„ Ø§Ù„Ø¬Ù†ÙˆØ¯ Ø§Ù„Ø¥Ø³Ø±Ø§Ø¦ÙŠÙ„ÙŠÙŠÙ† Ø³ØªÙƒÙˆÙ† ØµÙØ±Ø§Ø¡,Israeli soldiers' pants will be yellow,@raza.156,UCrgSDl36wUA3QsTAOU0ayVQ,http://www.youtube.com/@raza.156,0,,,,,,,,,,
UgyYpU2ztXl3DwM6rWN4AaABAg,0,0,45213.7745833333,Ø³Ø±Ø§ÙˆÙŠÙ„ Ø§Ù„Ø¬Ù†ÙˆØ¯ Ø§Ù„Ø¥Ø³Ø±Ø§Ø¦ÙŠÙ„ÙŠÙŠÙ† Ø³ØªÙƒÙˆÙ† ØµÙØ±Ø§Ø¡,Israeli soldiers' pants will be yellow,@raza.156,UCrgSDl36wUA3QsTAOU0ayVQ,http://www.youtube.com/@raza.156,0,,,,,,,,,,
UgzwR_O_fgkiBm76dGl4AaABAg,0,0,45213.7723842593,Ø§Ù„Ù„Ù‡ Ø§ÙƒØ¨Ø±,Allahu Akbar,@raza.156,UCrgSDl36wUA3QsTAOU0ayVQ,http://www.youtube.com/@raza.156,0,,,,,,,,,,
Ugzi7NAbNrYRz2ojB5x4AaABAg,0,0,45213.7678472222,Ù†ØµØ± Ù…Ù† Ø§Ù„Ù„Ù‡ ÙˆÙØªØ­ Ù‚Ø±ÙŠØ¨,God's victory and conquest is near,@user-no8sp3ee6n,UCb8tgBN0T794_JGbI166Z2g,http://www.youtube.com/@user-no8sp3ee6n,0,,,,,,,,,,
Ugx5QxXoipjQhz-eHx14AaABAg,0,0,45213.7650578704,Ù„Ø¹Ù†Øª Ø§Ù„Ù„Ù‡ Ø¹Ù„Ù‰ Ø£Ù…Ø±ÙŠÙƒØ§ ÙˆØ¥Ø³Ø±Ø§Ø¦ÙŠÙ„,God's curse on America and Israel,@user-mn1id7bq8r,UCSXzkh_Yxd65BG7iglQL8gQ,http://www.youtube.com/@user-mn1id7bq8r,0,,,,,,,,,,
UgxNszrcfiJLTowAYup4AaABAg,0,0,45213.7595833333,Ø§Ù„Ù„Ù‡Ù… Ø§Ù†ØµØ± Ø§Ø®ÙˆØ§Ù†Ù†Ø§ Ø§Ù†Ù‡Ù… ÙŠØ¯Ø§ÙØ¹ÙˆÙ† Ø¹Ù† Ø§Ø±Ø§Ø¶ÙŠÙ‡Ù… Ø§Ù„Ù…ØºØªØµØ¨Ø© Ù…Ù† Ø·Ø±Ù Ø§Ù„Ù…Ø­ØªÙ„ .,"O God, support our brothers who are defending their lands usurped by the occupier.",@user-ms7nk3qe3m,UCIuvK3rDD5hFNQoIiLo1-ig,http://www.youtube.com/@user-ms7nk3qe3m,0,,,,,,,,,,
UgxCuv9HH9KeCVvOtb94AaABAg,0,0,45213.7575925926,ÙƒØ°Ø¨ØªÙ… ÙˆØ®Ø³Ø¦ØªÙ… Ø¨Ø§ ØµÙ‡Ø§ÙŠÙ†Ø© Ø§Ù„Ø§Ø¹Ù„Ø§Ù… Ø§Ù„ØµÙ‡ÙŠÙˆÙ†ÙŠ ÙŠÙ‚ÙˆÙ„.... Ø§Ù‡ ..Ø§Ù†ØªÙ… Ù‡Ù… Ø§Ø¨ÙˆØ§Ù‚ Ø§Ù„Ø§Ø¹Ù„Ø§Ù… Ø§Ù„ØµÙ‡ÙŠÙˆÙ†ÙŠ ÙŠØ§Ø­Ø«Ø§Ù„Ø© Ø§Ø°Ù„ÙƒÙ… Ø§Ù„Ù„Ù‡ ÙŠØ§ ÙƒÙ„Ø§Ø¨ Ø§Ù„Ù‰ Ù…Ø²Ø¨Ù„Ø© Ø§Ù„ØªØ§Ø±ÙŠØ®,"You lied and failed Zionists, the Zionist media says..... Ah, you are the mouthpieces of the Zionist media, scum of the earth, to the dustbin of history.",@user-mh7ds5kg4q,UCSQnMazSvN8kN6bGUcAojPw,http://www.youtube.com/@user-mh7ds5kg4q,0,,,,,,,,,,
Ugw8qqqWKwD4NC-cpHV4AaABAg,0,0,45213.7523726852,Ù„ÙŠØ´ Ù‡Ø§ÙŠ Ø§Ù„Ø§Ø­Ø¯Ø§Ø« Ù…Ù†Ø´ÙˆÙÙ‡Ø§ Ø¹ ØªÙ„ÙØ§Ø² ...Ø§Ù†Ø§ Ù…Ù† Ø§Ø´Ø¯ Ù…ØªØ§Ø¨Ø¹ÙŠÙ† Ù‚Ù†Ø§ØªÙƒÙ… Ø§Ù„Ù…ÙˆÙ‚Ø±Ù‡ ÙˆÙ‚Ù†Ø§Ø© Ø¬Ø²ÙŠØ±Ù‡ Ù…Ø¨Ø§Ø´Ø± Ø§ØªØ§Ø¨Ø¹ Ø§Ù„Ø§Ø­Ø¯Ø§Ø« Ø§ÙˆÙ„ Ø¨Ø§Ø§ÙˆÙ„ ..ÙˆØ±Ø¨ÙŠ ÙŠØ¹ÙŠÙ† Ø§Ù„ÙÙ„Ø³Ø·ÙŠÙ†ÙŠÙ†,"Why are these events not seen on TV ... I am a follower of your venerable channel and Al Jazeera Mubasher, I follow the events first and foremost ... and God help the Palestinians.",@user-id3fs5tm1h,UCcQQZYIZYPFDqnpF0M5yEtw,http://www.youtube.com/@user-id3fs5tm1h,0,,,,,,,,,,
UgyH9pEOLVJoiAixBtp4AaABAg,0,0,45213.7508217593,Ø§Ù„Ù„Ù‡ ÙŠØ¹Ø² Ø±Ø¬Ø§Ù„ Ø§Ù„Ø¶ÙŠÙ ÙƒÙ…Ø§ Ø§Ø¹Ø²ÙˆÙ†Ø§ â¤,May God comfort the guest's men as they have comforted us.,@user-dh1qw6lr3w,UCkhwKRwK8pW40za8V3oiYpQ,http://www.youtube.com/@user-dh1qw6lr3w,0,,,,,,,,,,
UgwZ8I8-xCFSHIgD3zp4AaABAg,1,1,45213.7259722222,Ù…Ù† Ø§Ù„ÙŠÙ…Ù† Ø§Ù„Ù„Ù‡Ù… Ø§Ù†ØµØ± Ø¥Ø®ÙˆØ§Ù†Ù†Ø§ ÙÙŠ ÙÙ„Ø³Ø·ÙŠÙ† ğŸ‡µğŸ‡¸,"From Yemen O God, help our brothers in Palestine ğŸ‡µğŸ‡¸",@user-mr6lo8bg5p,UCRu7wMoEmcs-7RqCUxkQfcw,http://www.youtube.com/@user-mr6lo8bg5p,0,,,,,,,,,,
UgwZ8I8-xCFSHIgD3zp4AaABAg.9vrJBYqaY6y9vrcNnhloQ5,NA,0,45213.8485069444,ØªÙÙˆ Ø¹Ù„ÙŠÙƒ Ø®Ø§ÙŠÙ† ğŸ˜‚,You're a traitor ğŸ˜‚,@user-ly9ww8po5q,UCQCfLbZ2_LP-JW1BR6nNXUA,http://www.youtube.com/@user-ly9ww8po5q,1,UgwZ8I8-xCFSHIgD3zp4AaABAg,@user-mr6lo8bg5p,,,,,,,,
UgwrlAsCvD4HORPqNNR4AaABAg,0,0,45213.7243171296,Ø§Ù„Ù„Ù‡ Ø£ÙƒØ¨Ø±,Allahu Akbar,@long462,UCT92BdsUS_w24RGEo45C0dQ,http://www.youtube.com/@long462,0,,,,,,,,,,
UgwwJ87J3zgocGUE1Cp4AaABAg,0,0,45213.7191782407,Ù…Ù† ÙŠÙ†ØµØ±Ù‡ Ø§Ù„Ù„Ù‡ ÙÙ„Ø§ ØºØ§Ù„Ø¨ Ù„Ù‡,Whoever is victorious will not be defeated by Allah.,@mineroceracus55,UC3Z3ixLUllMe_eYLaNlaEeA,http://www.youtube.com/@mineroceracus55,0,,,,,,,,,,
UgyocRcRxvXd7CFYYzB4AaABAg,0,0,45213.7139467593,Ø§Ù„Ø§Ø­ØªÙ„Ø§Ù„ Ø§Ù„Ø¥Ø³Ø±Ø§Ø¦ÙŠÙ„ÙŠ Ø§Ø±Ø­Ù„,The Israeli occupation,@user-nu1yu1hb6w,UCaXeQJkGxc7m9pH4HlQ6jew,http://www.youtube.com/@user-nu1yu1hb6w,0,,,,,,,,,,
UgyF4ye9Cwf6bPh9GKh4AaABAg,0,0,45213.7134953704,Ø®ÙŠØ± Ø±Ø¨Ø§Ø§Ø·ÙƒÙ… Ø¹Ø³Ù‚Ù„Ø§Ù†,Good Rabat Ashkelon,@user-mh6sv9gu7l,UCtuTHMzWfU8rWnaliL8CbOw,http://www.youtube.com/@user-mh6sv9gu7l,0,,,,,,,,,,
UgwL_0ZrybLtwxC8lc54AaABAg,0,1,45213.7036458333,ØªØ­ÙŠØ§ ÙÙ„Ø³Ø·ÙŠÙ† Ø§Ù„Ø¹Ø²Ø© ÙˆØ§Ù„ÙƒØ±Ø§Ù…Ø© â¤ Ø§Ù„Ù„Ù‡Ù… ÙƒÙ† Ù…Ø¹Ù‡ÙˆÙ… ÙŠØ§Ø¬Ø¨Ø§Ø± â¤,"Long live Palestine, the pride and dignity â¤ O God, be with him, O mighty one â¤",@AminaMessoud-mb9zw,UCGx5Tg9Gr6KvbtI6cucJKYw,http://www.youtube.com/@AminaMessoud-mb9zw,0,,,,,,,,,,
UgxWL2gHp8A8d-FjXEJ4AaABAg,0,0,45213.6986805556,Ù‚Ù†Ø§Ø© Ø§Ù„ØµÙ‡Ø§ÙŠÙ†Ø©,Zionist channel,@user-ku2pm5cn1p,UChqMldKvuP67JfKuMPRp_Ow,http://www.youtube.com/@user-ku2pm5cn1p,0,,,,,,,,,,
UgxBafj0rFyFnzuyYsd4AaABAg,0,0,45213.6917939815,ØªØ­ÙŠØ§ ÙÙ„Ø³Ø·ÙŠÙ†,Long live Palestine,@nassimetani77DZ,UCkJ22J9s-eTuCZu0USA74qw,http://www.youtube.com/@nassimetani77DZ,0,,,,,,,,,,
UgxkAEJn3ZeRllpaxVd4AaABAg,0,0,45213.6915509259,Ù„Ùˆ Ø§Ù„Ø¬Ø²Ø§Ø¦Ø±ÙŠÙŠÙ† ÙŠØ¯Ø®Ù„ÙˆÙ† ÙÙ„Ø³Ø·ÙŠÙ† Ø¨ÙŠØ­Ø±Ø±ÙˆÙ†Ù‡Ø§ Ø¨Ø¥Ø°Ù† Ø§Ù„Ù„Ù‡ Ø¨Ø¯Ù‚Ø§ÙŠÙ‚ ØŒ Ø§Ù„Ù„Ù‡Ù… Ø§Ø¹Ø² Ø§Ù„Ø§Ø³Ù„Ø§Ù… ÙˆØ§Ù„Ù…Ø³Ù„Ù…ÙŠÙ† ÙˆØ§Ù†ØµØ±Ù‡Ù… Ø¹Ù„Ù‰ Ù…Ù† Ø§Ø¹ØªØ¯Ù‰ Ø¹Ù„ÙŠÙ‡Ù… ÙŠØ§Ø±Ø¨,"If the Algerians enter Palestine, they will liberate it, God willing, in minutes, O God, strengthen Islam and Muslims and give them victory over those who attacked them.",@mimi-ff9zi,UCo2VxrZbgF8W13Z0eJDikGw,http://www.youtube.com/@mimi-ff9zi,0,,,,,,,,,,
UgzFOLix-BQSTW1StJN4AaABAg,0,0,45213.69125,Ø§Ù„ÙƒÙŠØ§Ù† Ø§Ù„ÙƒØ§Ø±ØªÙˆÙ†ÙŠ ØµÙˆØµ Ø¥Ù†Ù‡Ø§Ø± Ù†Ù‡Ø§Ø¦ÙŠØ§ Ù†ÙØ³ÙŠØ§ Ùˆ Ø¹Ø³ÙƒØ±ÙŠØ§ Ùˆ Ø£Ù…Ù†ÙŠØ§ Ù‡Ùˆ Ø­Ø§Ù„ÙŠØ§ ÙŠØ¹ÙŠØ´ ÙÙŠ Ø­Ø§Ù„Ø© Ø§Ù„Ø¹Ø´ÙˆØ§Ø¦ÙŠØ§Øª,"The cartoon entity Sauce has completely collapsed psychologically, militarily, and security-wise, and is currently living in a state of squalor.",@nassimetani77DZ,UCkJ22J9s-eTuCZu0USA74qw,http://www.youtube.com/@nassimetani77DZ,0,,,,,,,,,,
UgySsVNpXjiVKiUZuoN4AaABAg,0,0,45213.6879861111,Ø§Ù„Ù„Ù‡ ÙŠÙ†ØµØ± ÙÙ„Ø³Ø·ÙŠÙ† Ø§Ù„Ù‡Ø²ÙŠÙ…Ø© ÙˆØ§Ù„Ø°Ù„ Ù„Ø§Ø³Ø±Ø§Ø¡ÙŠÙ„,"God's victory for Palestine, defeat and humiliation for Israel",@yesef865,UCuo3hzBYTVtCKJcX4kAjpcA,http://www.youtube.com/@yesef865,0,,,,,,,,,,
Ugxq-naCW_rTaksUds54AaABAg,0,0,45213.6878935185,Ø§Ù„Ù„Ù‡Ù… Ø§Ù†ØµØ±Ù‡Ù… Ù†ØµØ± Ø¹Ø²ÙŠØ² Ù…Ù‚ØªØ¯Ø±,"O God, give them a dear and mighty victory",@pinkal4612,UCNBPbJGELYZs3SsiQM-a6oA,http://www.youtube.com/@pinkal4612,0,,,,,,,,,,
UgwtyrJxQ5EAG74qu-d4AaABAg,0,0,45213.6800578704,Ø§Ù„Ù„Ù‡Ù… Ø§Ù†ØµØ± Ø§Ø®ÙˆÙ†Ù†Ø§ ÙÙŠ ÙÙ„Ø³Ø·ÙŠÙ†,"O God, help our brothers in Palestine",@user-wx7iq1rd4p,UC_BwqPfbcH9LMnXArrs3Cdw,http://www.youtube.com/@user-wx7iq1rd4p,0,,,,,,,,,,
UgyIVg6PwS8xaOat_0Z4AaABAg,0,0,45213.6746990741,Ø±Ø¨ Ø¥Ù†ÙŠ Ù…ØºÙ„ÙˆØ¨ ÙØ§Ù†ØªØµØ±,"Lord, I am oppressed, so be victorious.",@zahiazozo6418,UCCd17Z-6h8GoFwd1ijPwlaA,http://www.youtube.com/@zahiazozo6418,0,,,,,,,,,,
UgybnPUIl5NDaIA_fi94AaABAg,0,0,45213.6734375,Ø§Ù„Ù„Ù‡Ù… Ø§Ù†ØµØ± Ø§Ø®ÙˆØ§Ù†Ù†Ø§ Ø§Ù„Ù…Ø¬Ø§Ù‡Ø¯ÙŠÙ† ÙÙŠ ÙÙ„Ø³Ø·ÙŠÙ† Ø§Ù„Ù…Ø­ØªÙ„Ø© Ø§Ù„Ù…Ø­Ø§ØµØ±Ø©,"O God, support our mujahideen brothers in occupied and besieged Palestine",@user-pw8pw1kn5m,UCdkrW4sDJpi5f2CbrtROAxQ,http://www.youtube.com/@user-pw8pw1kn5m,0,,,,,,,,,,
Ugwy1yuP2zwcJqfJFHp4AaABAg,0,0,45213.6723842593,Ø§Ù„Ù†ØµØ± ÙˆØ§Ù„ØªØ£ÙŠÙŠØ¯ ÙˆØ§Ù„Ø¹Ø² Ù„Ù„Ù…Ø¬Ø§Ù‡Ø¯ÙŠÙ† Ø§Ù„ÙÙ„Ø³Ø·ÙŠÙ†ÙŠÙŠÙŠÙ†. ÙˆØ§Ù„Ø±Ø¹Ø¨ ÙˆØ§Ù„Ø±Ù‡Ø¨Ø© ÙˆØ§Ù„Ø®ÙˆÙ Ù„Ø§Ø¹Ø¯Ø§Ø¦Ù‡Ù… Ø§Ø³Ø±Ø§Ø¦ÙŠÙ„ Ù…Ø¬Ø±Ø¯ ÙƒÙŠØ§Ù† Ø³Ø±Ø§Ø·Ù†ÙŠ Ù„ÙŠØ³ Ù„Ù‡Ù… Ø¹Ù„Ù… ÙˆØ¬Ø¨ Ø¨ØªØ±Ù‡Ù… ÙˆØ§Ø²Ø§Ù„ØªÙ‡Ù… Ø¨Ø´ØªÙ‰ Ø§Ù„ÙˆØ³Ø§Ø¦Ù„. ÙŠØ§Ø§Ø§ Ø§Ù„Ù„Ù‡ Ø§Ù†Ø§ Ø¹Ø¨Ø§Ø¯Ùƒ Ø§Ù„Ø¸Ø§Ù„Ù…ÙŠ Ø§Ù†ÙØ³Ù‡Ù… ÙŠØ§Ø§Ø§Ø§ Ø§Ù„Ù„Ù‡ Ø§Ù†Ø§ ØªÙ‡Ù†Ø§ ÙˆÙ‚Ø¯ Ø³Ù„Ø·Øª Ø¹Ù„ÙŠÙ†Ø§ ÙƒÙ„Ø§Ø¨Ø§ Ø¸Ø§Ù„ÙŠÙ† Ù€ Ø¨Ù†ÙŠ ØµÙ‡ÙŠÙˆÙ† Ù€ Ø§Ù„Ù„Ù‡Ù… Ù†Ø³Ø§Ù„Ùƒ Ø§Ù„Ø±Ø´Ø¯ ÙˆØ§Ù„Ø¹ÙˆØ¯Ø© Ø§Ù„Ù‰ Ø¬ÙˆØ§Ø±Ùƒ Ø­ØªÙ‰ ØªÙ†ØµØ±Ù†Ø§ Ø¹Ù„ÙŠÙ‡Ù…,"Victory, support and glory to the Palestinian Mujahideen. Victory, support and glory for the Palestinian mujahideen, and terror, terror and fear for their enemies Israel is just a secret entity that has no knowledge and must be amputated and removed by all means. O Allah, we are your servants who oppress themselves, O Allah, we are humiliated and you have put us in the hands of evil dogs - the Bani Zion - O Allah, we ask you for guidance and to return to your neighborhood until you give us victory over them.",@fnkfnkwcbbn8828,UCoA5NyEyqM8zKYc6hMqlS_Q,http://www.youtube.com/@fnkfnkwcbbn8828,0,,,,,,,,,,
UgyJi1PoHgJoHsBg-dh4AaABAg,0,0,45213.6493518519,user-pg4ep1yz4o@,user-pg4ep1yz4o@,@user-pg4ep1yz4o,UC5ge9bOu8ini0gomTYceU7w,http://www.youtube.com/@user-pg4ep1yz4o,0,,,,,,,,,,
UgyO2pRv4Tdqw8W2p3R4AaABAg,0,0,45213.6332638889,Ø§Ù†ØªØ¨Ù‡ÙˆØ§ Ø§Ù„Ù‰ Ø§Ù„Ø§Ø¹Ù„Ø§Ù… Ø§Ù„Ø³Ø¹ÙˆØ¯ÙŠ Ø§Ù„Ø®Ø¨ÙŠØ«ØŒØŒ ÙŠÙ‚ÙˆÙ„ Ø¹Ù† Ø§Ù„Ø§Ø³Ø±Ø§Ø¦ÙŠÙ„ÙŠ (Ø¬Ù†Ø¯ÙŠ) ÙˆØ¹Ù† Ø§Ù„ÙÙ„Ø³Ø·ÙŠÙ†ÙŠ (Ø¹Ù†ØµØ±) !!!ØŸ,"Pay attention to the malicious Saudi media, calling the Israeli a \""soldier\"" and the Palestinian a \""soldier\"".",@AlsaiadWorld,UC2wvUyBVMNdfvlP5XLd9WKQ,http://www.youtube.com/@AlsaiadWorld,0,,,,,,,,,,
Ugw_Qys-vSFyk4_N5a54AaABAg,0,0,45213.6105324074,ğŸ‡®ğŸ‡±ğŸ‡®ğŸ‡±ğŸ‡®ğŸ‡±ğŸ‡®ğŸ‡±ğŸ‡®ğŸ‡±ğŸ‡®ğŸ‡±ğŸ’ªğŸ’ªğŸ’ªğŸ’ªğŸ’ªâ¤ï¸,ğŸ‡®ğŸ‡±ğŸ‡®ğŸ‡±ğŸ‡®ğŸ‡±ğŸ‡®ğŸ‡±ğŸ‡®ğŸ‡±ğŸ‡®ğŸ‡±ğŸ’ªğŸ’ªğŸ’ªğŸ’ªğŸ’ªâ¤ï¸,@danialdanial901,UCWO_UKHJK8k3MiNHql6ebjg,http://www.youtube.com/@danialdanial901,0,,,,,,,,,,
Ugz0kYCh0TQDIoZ8nZV4AaABAg,0,0,45213.6094791667,Ø§Ù„Ù„Ù‡ Ø§ÙƒØ¨Ø±,Allahu Akbar,@daoudiyacine5340,UChhbkL2ADH4MrTYJo20OMsQ,http://www.youtube.com/@daoudiyacine5340,0,,,,,,,,,,
Ugwt1yk_cArlZkYa0qt4AaABAg,0,0,45213.6050694444,Ø§Ù„Ù„Ù‡Ù… Ø§Ù†ØµØ±Ø§Ø®ÙˆØ§Ù†Ù†Ø§ Ø§Ù„ÙÙ„Ø³Ø·ÙŠÙ†ÙŠÙŠÙ†,God help our Palestinian brothers,@naimamouktani9789,UCadFzHSCbcZWrp3CKkWVaMQ,http://www.youtube.com/@naimamouktani9789,0,,,,,,,,,,
UgwcgntsUa7B6EHRJyp4AaABAg,0,0,45213.6041898148,Ø§ÙÙ„Ø§Ù… Ùˆ Ù…Ø·Ø§Ù…Ø¹ Ø´Ø®ØµÙŠØ© Ùˆ Ø§Ù„Ù„Ù‡ Ø§Ù„Ù…Ø³ØªØ¹Ø§Ù†ØŒ Ùˆ Ø§Ù„Ø´Ø¹Ø¨ Ù‡Ùˆ Ø§Ù„Ø¶Ø­ÙŠØ©,"Movies, personal ambitions, and God help us, and the people are the victims.",@abojabir4933,UCRBkPg5I4rmNmBDwrlUjPvA,http://www.youtube.com/@abojabir4933,0,,,,,,,,,,
UgzSkasx2V38qha-oGF4AaABAg,0,0,45213.6034953704,Ø§Ù„Ù„Ù‡ ÙŠÙ†ØµØ±Ù‡Ù… Ø¹Ù„Ù‰ Ø§Ø¹Ø¯Ø§Ø¡ Ø§Ù„Ø§Ù…Ø© Ø§Ù„Ø§Ø³Ù„Ø§Ù…ÙŠØ© ÙˆØ§Ù„Ø¹Ø±Ø¨ÙŠØ©,May God grant them victory over the enemies of the Islamic and Arab nations,@technomobile2654,UCkvDNDM2m1ZlNQXgL8Rte1A,http://www.youtube.com/@technomobile2654,0,,,,,,,,,,
UgyPT3Y3XTRDl8E3xBF4AaABAg,0,0,45213.595474537,Ø±Ø¨Ù†Ø§ ÙŠÙ†ØµØ± Ø§Ù„Ø´Ù‡Ø¨ Ø§Ù„ÙÙ„Ø³Ø·ÙŠÙ†ÙŠ ÙŠØ§Ø±Ø¨ Ø§Ù„Ø¹Ø§Ù„Ù…ÙŠÙŠÙ†,May God give victory to the Palestinian meteors,@taysserramzi5744,UCf0n9As1TtLzeHWhg8-TqEg,http://www.youtube.com/@taysserramzi5744,0,,,,,,,,,,
UgyWJag26NOEZGgj26x4AaABAg,0,0,45213.5837615741,Ø§Ù„Ù„Ù‡Ù… Ø§Ù†ØµØ± Ø§Ø®ÙˆØ§Ù†Ù†Ø§ ÙÙŠ ÙÙ„Ø³Ø·ÙŠÙ† Ùˆ ØºØ²Ø©,"O God, help our brothers in Palestine and Gaza",@wahid21377,UCJaGsOLJPapYq0b5Eqvn5oA,http://www.youtube.com/@wahid21377,0,,,,,,,,,,
Ugy3sp6e0JmEH4LLRTt4AaABAg,0,0,45213.5738541667,Ù‚Ù†Ø§Ù‡ Ø§Ù„Ø¹Ø±Ø¨ÙŠÙ‡ Ùˆ Ø§Ù„Ø­Ø¯Ø« ØµÙ‡Ø§ÙŠÙ†Ù‡,Al-Arabiya and Al-Hadath are Zionist,@aymanelgoker6814,UCGlmB2bmcnRqGiKes14_TkQ,http://www.youtube.com/@aymanelgoker6814,0,,,,,,,,,,
UgxITg_As5sUQV_mZKB4AaABAg,0,1,45213.5712268519,Ø§Ø¹Ù„Ø§Ù… Ø®Ø§Ø¦Ù† Ù„Ù„Ù‚Ø¶ÙŠØ©,A media that betrays the cause,@bravedive6201,UC-IJTkHHO4RhWioFTmBspdQ,http://www.youtube.com/@bravedive6201,0,,,,,,,,,,
UgzY5BeWvBwrGPlnh5R4AaABAg,0,0,45213.5564930556,ÙˆÙŠØ±ÙˆÙ†Ù‡ Ø¨Ø¹ÙŠØ¯Ø§ ÙˆÙ†Ø±Ø§Ù‡ Ù‚Ø±ÙŠØ¨Ø§ ØµØ¯Ù‚ Ø§Ù„Ø¹Ø¸ÙŠÙ… .ÙŠÙˆÙ… Ø§Ù„Ø±Ø¹Ø¨ Ù„ÙŠØ³Øª Ù‡Ø§ØªÙ‡ Ø§Ù„Ø§ÙŠØ§Ù… Ø§Ùˆ ØªÙ„Ùƒ Ø¨Ù„ Ù…Ø§ Ù‡Ùˆ Ù‚Ø§Ø¯Ù… Ø¹Ù†Ø¯Ù…Ø§ ÙŠØ­ÙŠÙ† Ø§Ø°Ù† Ø±Ø¨Ùƒ ÙˆØ¬ÙŠØ´ Ù…Ø­Ù…Ø¯ ØµÙ„Ù‰ Ø§Ù„Ù„Ù‡ Ø¹Ù„ÙŠÙ‡ ÙˆØ³Ù„Ù… Ù„ÙŠØ³ Ø¨Ø¨Ø¹ÙŠØ¯ Ø°Ù„Ùƒ Ø§Ù„Ø±Ø¹Ø¨ Ø§Ù„Ø­Ù‚ÙŠÙ‚ÙŠ,"The Day of Terror is not these days or those days, but what is coming when the permission of your Lord and the army of Muhammad, may Allah bless him and grant him peace, is not far away, that is the real terror.",@istanbulmohamedaziz8669,UCuvUsbEF24bXJYnIQyx5o8g,http://www.youtube.com/@istanbulmohamedaziz8669,0,,,,,,,,,,
Ugwm0hTNTTKmAE3nZkp4AaABAg,0,1,45213.5398263889,Ù‚Ù†Ø§Ø© Ø§Ù„Ø­Ø¯Ø« Ù‚Ù†Ø§Ø© Ø§Ù…Ø§Ø±Ø§ØªÙŠØ© Ø³Ø¹ÙˆØ¯ÙŠØ© ØµÙ‡ÙŠÙˆÙ†ÙŠØ© ØªÙƒØ±Ù‡ Ø§Ù„Ù…Ø³Ù„Ù…ÙŠÙ†,Al-Hadath TV is an Emirati-Saudi Zionist channel that hates Muslims,@samlosamlo5928,UCFVtMFMstekq7tSMDAwTDXA,http://www.youtube.com/@samlosamlo5928,0,,,,,,,,,,
UgzX9UFvH41XOZ88ye14AaABAg,0,0,45213.5396180556,Ù„ÙŠØ³ÙˆØ§ Ù…Ù‚Ø§ØªÙ„ÙŠÙ† ÙŠØ§ Ø§Ø¨Ù† Ø§Ù„Ø·Ù„Ù‚Ø§Ø¡ Ø§Ù†Ù…Ø§ Ù‡Ù… Ø±Ø¬Ø§Ù„ Ø§Ù„Ù…Ù‚Ø§ÙˆÙ…Ø© ÙŠØ§ Ø§ÙˆÙ„Ø§Ø¯ Ø§Ù„Ø¨Ø¹ÙˆØ¶ Ø§Ù„ Ø³Ø¹ÙˆØ¯,"They are not fighters, you son of talaqa, they are resistance fighters, you sons of mosquitoes of the Saud.",@ms_23v,UC4bl4Mz-bkv21C59UfFoNPQ,http://www.youtube.com/@ms_23v,0,,,,,,,,,,
UgzowZhUIxbr1ycLefV4AaABAg,0,0,45213.5273726852,Ø¨Ø¹Ø¶ Ø§Ù„Ø§Ù†Ø¸Ù…Ø© Ø§Ù„Ø¹Ø±Ø¨ÙŠØ© ØµÙ‡Ø§ÙŠÙ†Ø© Ø§ÙƒØ«Ø± Ù…Ù† Ø¥Ø³Ø±Ø§Ø¦ÙŠÙ„,Some Arab regimes are more Zionist than Israel,@user-ge4yz3xd9i,UCLfTcVASQFMyK8miQR7PS3Q,http://www.youtube.com/@user-ge4yz3xd9i,0,,,,,,,,,,
Ugxf40uf17UYsjLHY_p4AaABAg,0,0,45213.5249305556,â¤â¤â¤â¤â¤â¤â¤â¤â¤â¤â¤â¤â¤â¤â¤â¤ Ø§Ù„Ù„Ù‡Ù… Ø§Ù†ØµØ± Ø§Ø®ÙˆØ§Ù†Ù†Ø§ ÙÙŠ ÙÙ„Ø³Ø·ÙŠÙ† Ø§Ù„Ù„Ù‡Ù… Ø§Ù†ØµØ± Ø§Ø®ÙˆØ§Ù†Ù†Ø§ ÙÙŠ ÙÙ„Ø³Ø·ÙŠÙ† ÙˆØ®Ø²Ø¡ ÙˆØ§Ù„Ø¹Ø§Ø± Ù„ÙŠ Ø§Ù„Ù…Ø·Ø¨Ø¹ÙŠÙ† Ø§Ù„Ø®ÙˆÙ†Ø§Øª Ø§Ù„ÙƒÙˆÙØ§Ø± ØµÙ‡Ø§ÙŠÙ†Ø© Ø§Ø¨Ù†Ø§Ø¡ Ø§Ù„Ø­Ø±Ø§Ù… Ù„Ø¹Ù†Ù‡Ù… Ø§Ù„Ù„Ù‡ Ø¥Ù„Ù‰ ÙŠÙˆÙ…ÙŠ Ø§Ù„Ø¯ÙŠÙ† ÙƒÙ†ÙˆÙ† Ø§Ø­Ù…Ø¯ Ù…Ù† Ø§Ù„ÙˆØ·Ù† Ø§Ù„Ù…ØºØ±ÙŠØ¨ÙŠ Ø§Ù„Ø­Ø¨ÙŠØ¨ Ø§Ù„Ø´Ø¹Ø¨ Ø§Ù„Ù…ØºØ±ÙŠØ¨ÙŠ Ø§Ù„Ø­Ø¨ÙŠØ¨ ÙƒÙˆÙ‡ÙˆÙ… Ù…Ø¹Ø§ Ø¥Ø®ÙˆØ§Ù†Ù†Ø§ ÙÙŠ ÙÙ„Ø³Ø·ÙŠÙ† ÙˆØ®Ø²Ø¡ ÙˆØ§Ù„Ø¹Ø§Ø± Ù„ÙŠ Ø§Ù„Ù…Ø·Ø¨Ø¹ÙŠÙ† Ø§Ù„Ø®ÙˆÙ†Ø§Øª Ø§Ù„ÙƒÙˆÙØ§Ø± ØµÙ‡Ø§ÙŠÙ†Ø© Ø§Ø¨Ù†Ø§Ø¡ ÙØ±Ù†Ø³Ø§ Ø§Ù„Ù…Ø³ØªØ¹Ù…Ø± Ø¹Ø¯ÙˆØ§Øª Ø§Ù„ÙˆØ·Ù† Ø§Ù„Ù…ØºØ±ÙŠØ¨ÙŠ Ø§Ù„Ø­Ø¨ÙŠØ¨,"â¤â¤â¤â¤â¤â¤â¤â¤â¤â¤â¤â¤â¤â¤â¤â¤ O God, help our brothers in Palestine, O God, help our brothers in Palestine, and shame and shame on the normalizers, traitors, Kovars, Zionists, sons of the haram, cursed by God until the day of religion, Kenon Ahmed from the beloved Moroccan homeland, the beloved Moroccan people Kohum together with our brothers in Palestine, and shame and shame on the normalizers, traitors, Kovars, Zionists, sons of France, the colonizer, the enemies of the beloved Moroccan homeland, the beloved Moroccan homeland",@gfgjiytt195,UCCO9ar40TPIaT09BSL4yckA,http://www.youtube.com/@gfgjiytt195,0,,,,,,,,,,
UgyVhoMLd7wD-j1lcRV4AaABAg,0,0,45213.5163773148,Ø§ÙƒØ´Ù†,Action,@user-rq8xn6zy9g,UCE4jKxEIO0OaPm0YN-oOIYQ,http://www.youtube.com/@user-rq8xn6zy9g,0,,,,,,,,,,
Ugxhh52PVpj2J3ppO2J4AaABAg,0,0,45213.5090509259,Ù…Ù† ÙŠÙ‚ØªÙ„ Ù…Ù† ...ÙˆØ§ÙŠÙ† Ø§Ù„Ø¬Ø«Ø« ..ÙˆØ§ÙŠÙ† Ø§Ù„Ø¶Ø­Ø§ÙŠØ§..ÙˆØ§ÙŠÙ† Ø§Ù„Ù†ØµØ± ....Ø§Ù„Ù…Ø´Ø§Ù‡Ø¯ ÙˆØ§Ø¶Ø­Ø© ÙˆÙ„ÙƒÙ† Ø§Ù„Ù†ØªÙŠØ¬Ø© Ø¹Ø¬ÙŠØ¨Ø© ØºØ±ÙŠØ¨Ø© Ù…Ù†Ø¹Ø¯Ù…Ø© .... Ø­Ù…Ø§Ø³ Ø§Ù„Ø´ÙŠØ¹ÙŠØ© ÙˆØ§Ù„ØµÙ‡Ø§ÙŠÙ†Ø© ÙŠÙ…Ø«Ù„ÙˆÙ† ÙˆÙŠÙ„Ù‡ÙˆÙ† ÙˆÙŠØ³ØªØ­Ù…Ø±ÙˆÙ† Ø§Ù„Ø£Ù…Ø© Ø¨Ù…Ø«Ù„ Ù‡Ø°Ù‡ Ø§Ù„Ø£ÙÙ„Ø§Ù… Ø§Ù„Ù…ØµØ·Ù†Ø¹Ø©,"Who kills who ... where are the bodies ... where are the victims ... where is the victory .... The scenes are clear, but the result is strange, strange and lacking .... Shiite Hamas and the Zionists act, play and trivialize the nation with such artificial movies",@karimmonpassi6282,UCugxVSD2VBTxFexb0_TjTSA,http://www.youtube.com/@karimmonpassi6282,0,,,,,,,,,,
UgynV2LTr_zz-fZL3rF4AaABAg,0,0,45213.5076041667,ÙˆÙ„Ø§ ØªØ­Ø³Ø¨Ù† Ø§Ù„Ø°ÙŠÙ† Ù‚ØªÙ„ÙˆØ§ ÙÙŠ Ø³Ø¨ÙŠÙ„ Ø§Ù„Ù„Ù‡ Ø£Ù…ÙˆØ§ØªØ§ Ø¨Ù„ Ø£Ø­ÙŠØ§Ø¡ ÙˆÙ„Ø§ÙƒÙ† Ù„Ø§ ØªØ´Ø¹Ø±ÙˆÙ†),"And do not think that those who are killed in the way of Allah are dead; they are alive, but you are not aware of it.)",@hmedkhadiri5572,UCMFcv--NN5WtQYkbLBgMPHQ,http://www.youtube.com/@hmedkhadiri5572,0,,,,,,,,,,
UgwrThf_sMP_WKIohP14AaABAg,0,0,45213.5064814815,Ø§Ù„Ù„Ù‡Ù… Ø­ÙØ· Ø§Ù„Ù…Ø¬Ø§Ù‡Ø¯ÙŠÙ† ÙˆØ§Ø¹Ù†Ù‡Ù…,May God protect and help the mujahideen,@latifambarki1312,UCz8_DP0INSKLx5J2SjpP2zw,http://www.youtube.com/@latifambarki1312,0,,,,,,,,,,
Ugw0tM-ghLYB8M8gg0Z4AaABAg,0,0,45213.4917013889,Ø§Ù„Ù„Ù‡Ù… Ø§Ù†ØµØ± Ø§Ù„Ø¥Ø³Ø±Ø§Ø¦ÙŠÙ„ ğŸ™â¤,May God help Israel ğŸ™â¤,@user-lr6ff9zi9k,UCimO6s_HM50QJUMPCERc1Nw,http://www.youtube.com/@user-lr6ff9zi9k,0,,,,,,,,,,
UgxHFNXMGr44noaMKI54AaABAg,0,1,45213.4913773148,Ø·Ø¨Ø¹Ø§ Ù…Ø±Ø¹Ø¨ Ø¨Ø§Ù„Ù†Ø³Ø¨Ù‡ Ù„Ù‚Ù†Ø§Ø© Ø§Ù„Ø­Ø¯Ø« Ù„Ø§Ù†Ùˆ Ø®ÙˆÙÙƒÙ… Ø¹Ù„Ù‰ Ø§Ù„ÙŠÙ‡ÙˆØ¯ Ø§ÙƒØ«Ø± Ù…Ù† Ø§Ø¨Ù†Ø§Ø¡ Ø¬Ù„Ø¯ØªÙƒÙ…,"Of course, it's terrifying for Al Hadath because you fear the Jews more than your own people.",@mahmoudbakkar1131,UC2prOOglx7R3BMe43R2sUaQ,http://www.youtube.com/@mahmoudbakkar1131,0,,,,,,,,,,
UgxebySS2-aQ5RNXP_h4AaABAg,0,0,45213.491099537,ÙŠØ§ Ø§Ù„Ù„Ù‡ Ù†ØµØ±Ùƒ ÙŠØ§ Ø§Ù„Ù„Ù‡ ØªÙ†ØµØ± Ø£Ù‡Ù„Ù†Ø§ ÙÙŠ ÙÙ„Ø³Ø·ÙŠÙ†,"O God, your victory, O God, give victory to our people in Palestine",@user-xw2yd1in4u,UCjDJ3r2tjYwvc_md3NQb99A,http://www.youtube.com/@user-xw2yd1in4u,0,,,,,,,,,,
UgzjYM-VVM7f6v3sWQN4AaABAg,0,0,45213.4812268519,Ø§Ù„Ù‡ÙŠÙ… Ø§Ù†ØµØ± Ø§Ù„Ù…ÙˆØ³Ù„ÙŠÙ…ÙŠÙ† ÙÙŠ ÙÙ„Ø³Ø·ÙŠÙ† ÙŠØ§Ø±Ø¨ Ø§Ù„Ø¹Ø§Ù„Ù…ÙŠÙ† Ø§Ù„Ù„Ù‡ ÙˆØ§ÙƒØ¨Ø± Ø§Ù„Ù„Ù‡ ÙˆØ§ÙƒØ¨Ø± Ø­Ø³Ø¨Ù†Ø§ Ø§Ù„Ù„Ù‡ ÙˆÙ†Ø¹Ù… Ø§Ù„ÙˆÙƒÙŠÙ„,"May God give victory to the Muslims in Palestine, Lord of the Worlds, God is great, God is great, God is great, God is great.",@user-se2kr5bm8x,UCAjv1K0mjMwXxoJpEFwOUnw,http://www.youtube.com/@user-se2kr5bm8x,0,,,,,,,,,,
UgxZvuzhMny7gJCfRCd4AaABAg,0,0,45213.4726736111,Ø§Ù„Ù„Ù‡Ù… Ø§Ù†ØµØ± Ø§Ø®ÙˆØªÙ†Ø§ Ø§Ù„Ù…Ø¬Ø§Ù‡Ø¯ÙŠÙ† ÙÙŠ ÙÙ„Ø³Ø·ÙŠÙ†,"O God, support our mujahideen brothers in Palestine",@Omar-ie6gl,UCtDqmmRx0_5mE3EKz8Bi8rA,http://www.youtube.com/@Omar-ie6gl,0,,,,,,,,,,
UgzpjFG3VIMEK7930FN4AaABAg,0,0,45213.4644791667,Ø§Ù„Ù„Ù‡Ù… Ø§Ù†ØµØ± Ø§Ø®ÙˆØ§Ù†Ù†Ø§ ÙÙŠ ÙÙ„Ø³Ø·ÙŠÙ†,"O God, help our brothers in Palestine",@user-mz5ul7kq5c,UCX0B6ZJMKJUr9DXP3ao2vBA,http://www.youtube.com/@user-mz5ul7kq5c,0,,,,,,,,,,
Ugwb5qfH2cipI2e09bl4AaABAg,0,0,45213.4635648148,Ø§Ù„Ù„Ù‡Ù… Ø§Ù„Ù†ØµØ± Ù„ÙÙ„Ø³Ø·ÙŠÙ† Ùˆ Ø±Ø¨ÙŠ ÙŠØ±Ø­Ù… Ø´Ù‡Ø¯Ø§Ø¡Ù‡Ø§â¤,May God give victory to Palestine and may God have mercy on its martyrs â¤,@souhilamadrid5672,UC92jOetdWny9g5EE9JV_Ysg,http://www.youtube.com/@souhilamadrid5672,0,,,,,,,,,,
Ugwa8PaiGKtRLA7XYbN4AaABAg,0,1,45213.4580787037,Ù…Ø±Ø¹Ø¨ Ø¨Ø§Ù„Ù†Ø³Ø¨Ø© Ù„Ù„Ø®ÙˆÙ†Ø© Ù…ØªÙ„ÙƒÙ…,Terrifying for the traitors in your midst.,@Leducdebologne007,UCZR085VAPeQnbKcADkFUfJA,http://www.youtube.com/@Leducdebologne007,0,,,,,,,,,,
UgxmdWZlDH2Cooo9Oah4AaABAg,0,0,45213.4559722222,Ø§Ù„Ù„Ù‡Ù… Ø¯Ø¨ Ø§Ù„Ø±Ø¹Ø¨ ÙÙŠ Ù‚Ù„ÙˆØ¨Ù‡Ù… ÙˆØ¬Ø¹Ù„ Ø§Ù„Ø®ÙˆÙ ÙŠÙ†Ù‡Ø´ Ø§Ø¬Ø³Ø§Ø¯Ù‡Ù‡Ù… Ø§Ù„Ù„Ù‡Ù… Ø§Ù†ØµØ± Ø§Ù„Ø¥Ø³Ù„Ø§Ù… ÙˆØ§Ø±ÙØ¹ Ø±Ø§ÙŠØªÙ‡Ù… ÙŠØ§Ø³Ù…ÙŠØ¹ ÙŠØ§Ù…Ø¬ÙŠØ¨ Ø§Ù„Ù„Ù‡Ù… Ø¥Ù†ÙŠ Ø§Ø³ØªÙˆØ¯Ø¹ØªÙÙƒ ÙÙ„Ø³Ø·ÙŠÙ† ÙˆØ£Ù‡Ù„ÙÙ‡Ø§ØŒ ÙƒØ¨Ø§Ø±ÙÙ‡Ø§ ÙˆØµØºØ§Ø±ÙÙ‡Ø§ØŒ Ø±Ø¬Ø§Ù„ÙÙ‡Ø§ ÙˆÙ†Ø³Ø§Ø¡ÙÙ‡Ø§ØŒ Ø´Ø¨Ø§Ø¨ÙÙ‡Ø§ ÙˆØ¨Ù†Ø§ØªÙÙ‡Ø§ØŒ Ø£Ø±Ø¶ÙÙ‡Ø§ ÙˆØ³Ù…Ø§Ø¡ÙÙ‡Ø§ØŒ ÙØ§Ø­ÙØ¸Ù‡Ø§ ÙŠØ§ Ø±Ø¨Ù†Ø§ Ù…Ù† ÙƒÙ„ Ø³ÙˆØ¡ .. Ø§Ù„Ù„Ù‡Ù… Ø§Ù†ØµØ± ÙÙ„Ø³Ø·ÙŠÙ† ÙˆØ«Ø¨Øª Ø§Ù‚Ø¯Ø§Ù…Ù‡Ù… ÙŠØ§Ø±Ø¨ ØŒ Ø­ÙØ¸ Ø§Ù„Ù„Ù‡ Ø§Ù„Ù…Ø±Ø§Ø¨Ø·ÙŠÙ† Ø§Ù„Ù…Ø¬Ø§Ù‡Ø¯ÙŠÙ† Ùˆ Ø«Ø¨ØªÙ‡Ù… Ø§Ù„Ù„Ù‡ ÙˆØ§ÙŠØ¯Ù‡Ù… Ø¨Ù†ØµØ±Ù‡ ÙŠØ§Ø±Ø¨ Ø§Ù„Ø¹Ø§Ù„Ù…ÙŠÙ†,"May God strike terror into their hearts and make fear eat away at their bodies, O God, give victory to Islam and raise their banner, O God, I entrust Palestine and its people, old and young, men and women, youth and daughters, land and sky, so protect it, O Lord, from all evil ... May God give victory to Palestine and fix their feet, O Lord, may God protect the mujahideen fighters, and may God fix them and support them with His victory, Lord of the Worlds.",@nglaa_mohamed,UCxm3GDOVQ1YpxuLU-mbcf1Q,http://www.youtube.com/@nglaa_mohamed,0,,,,,,,,,,
UgzbJOB62NMA8__QPmd4AaABAg,0,0,45213.4552893519,ÙÙÙ„ÙÙ…Ù’ ØªÙÙ‚Ù’ØªÙÙ„ÙÙˆÙ‡ÙÙ…Ù’ ÙˆÙÙ„ÙÙ°ÙƒÙÙ†Ù‘Ù Ø§Ù„Ù„Ù‘ÙÙ‡Ù Ù‚ÙØªÙÙ„ÙÙ‡ÙÙ…Ù’ Ûš ÙˆÙÙ…ÙØ§ Ø±ÙÙ…ÙÙŠÙ’ØªÙ Ø¥ÙØ°Ù’ Ø±ÙÙ…ÙÙŠÙ’ØªÙ ÙˆÙÙ„ÙÙ°ÙƒÙÙ†Ù‘Ù Ø§Ù„Ù„Ù‘ÙÙ‡Ù Ø±ÙÙ…ÙÙ‰Ù° Ûš ÙˆÙÙ„ÙÙŠÙØ¨Ù’Ù„ÙÙŠÙ Ø§Ù„Ù’Ù…ÙØ¤Ù’Ù…ÙÙ†ÙÙŠÙ†Ù Ù…ÙÙ†Ù’Ù‡Ù Ø¨ÙÙ„ÙØ§Ø¡Ù‹ Ø­ÙØ³ÙÙ†Ù‹Ø§ Ûš Ø¥ÙÙ†Ù‘Ù Ø§Ù„Ù„Ù‘ÙÙ‡Ù Ø³ÙÙ…ÙÙŠØ¹ÙŒ Ø¹ÙÙ„ÙÙŠÙ…ÙŒ (......Ø§Ù„Ù„Ù‡ Ø§ÙƒØ¨Ø± ...ØªØ­ÙŠØ© Ù…Ù† Ø§Ù„Ø¬Ø²Ø§Ø¦Ø± ...Ù†ØµØ±ÙƒÙ… Ø§Ù„Ù„Ù‡,"""You did not kill them, but Allah killed them, and you did not throw when you threw, but Allah threw, so that He may show the believers a good performance from Him.\"" (...... God is great... greetings from Algeria... God's victory!"",""@bijobenouis9944"",""UCwiywllGRzJZQQyF_26voVA"",""http://www.youtube.com/@bijobenouis9944"",0,"""",""""
""Ugwo0L3ADrIocpG_Wkp4AaABAg"",0,0,""2023-10-14 10:44:29"",""Ø§Ù„Ù„Ù‡Ù… Ø§Ù†ØµØ± ÙÙ„Ø³Ø·ÙŠÙ† Ø¹Ù„Ù‰ Ø§Ù„ÙŠÙ‡ÙˆØ¯"",""O God"," give victory to Palestine over the Jews""",@OsmanHal-yb6ft,UCMZfOfTxZ4zBBnLQyxZD_Mg,http://www.youtube.com/@OsmanHal-yb6ft,0,,,,,,,,,
