id,replyCount,likeCount,publishedAt,authorName,text,authorChannelId,authorChannelUrl,isReply,isReplyTo,isReplyToName
Ugy0kK2uCV-JotCUHu14AaABAg,0,0,"2024-04-05 17:47:30",@user-fo6sq9xg7o,"ุงูุนุฑุจูุฉ ุงูุตูููููุฉ ูุง ุชุตู ุงูููุงู ุงูุตููููู ุจุงูุงุญุชูุงู ูุจุญูู ุงููู",UCM3bpeuyBv3TK8ND08TygCA,http://www.youtube.com/@user-fo6sq9xg7o,0,,
Ugw-TdBaH46dOFeQGOF4AaABAg,0,0,"2024-04-05 04:47:01",@nihadsalki3708,"ุงุณุชุฎุฏููุง ุนููููู! ุฃููููุง! ุญูุงุณ ูุง ูู ุฅูุง ุฃุฏุงุฉ ูุณุชุนูููุง ุฅุณุฑุงุฆูู ู ุตูุงููุฉ ุงูุนุงููุ ุญุชู ููุชููุง ุฅุฎูุงููุง ุงูููุณุทููููู ุงููุณูููู ููุงู! ููุท ูุนุจุฉ ุจูููู ูุฅุจุงุฏุฉ ุงูุดุนุจ ุงูููุณุทููู ูุง ุบูุฑ!",UCn3Fu-1rprwbUwJKf9xOsyQ,http://www.youtube.com/@nihadsalki3708,0,,
UgyVOsldGYVqMegGhYV4AaABAg,0,0,"2024-04-01 19:22:17",@mohmadgamer8335,"ุจุนุฏ5 ุงุดูุฑโคโค",UCHJ9V6_2r64_u9apr2EYC4A,http://www.youtube.com/@mohmadgamer8335,0,,
UgyUMViFdmFPyoj7w5V4AaABAg,0,0,"2024-03-15 05:47:13",@user-kx1tf4vx1i,"ุชุฌูุจูุง ุงูุงุฎุชูุงุท ูุงูุชุจุฑุฌ ุงุณุชุนุฏูุง ูุงุฎุฑุชูู ููุง ุชุบุฑููู ุงูุญูุงุฉ ุงูุฏููุง (ููุง ุฃููููููุง ุงููููุจูููู ููู ูููุฃูุฒูููุงุฌููู ููุจูููุงุชููู ููููุณูุงุกู ุงููููุคูููููููู ููุฏูููููู ุนูููููููููู ููู ุฌูููุงุจููุจูููููู  ุฐููฐูููู ุฃูุฏูููููฐ ุฃูู ููุนูุฑููููู ููููุง ููุคูุฐููููู  ููููุงูู ุงูููููู ุบููููุฑูุง ุฑููุญููููุง (59)",UCl07uQgCLyLuPFAywEWQjGA,http://www.youtube.com/@user-kx1tf4vx1i,0,,
UgzIIwgPaBDCvfwjUA94AaABAg,0,0,"2024-03-12 10:41:05",@1490063,"ุจุณ ุญูุงุณ ููุง ูุนุชุฏูู ูุงู ุงูุทุฑููู ูุงููุง ุนุงูุดูู ุจุณูุงู ๐ค ุงู ุงููู ูุง ูุญุจ ุงููุนุชุฏูู",UCeo7hRqyRHcIxdq-5aarwyA,http://www.youtube.com/@1490063,0,,
Ugw26XCRNrMDVt7pb0R4AaABAg,0,1,"2023-12-22 18:33:39",@kamalzoro,"๐ุงูุชูุฑูุฑ ููู ุชุถููู ูุงูุงุฐูุจ ุุูููุชุฑุถ ุงู ุญูุงุณ ุชูููุช ูู ุงูุชุญุงู ุงูุฌุฏุงุฑ ูููู ููู ููุณุฑ ุนุฏู ุฏุฎูู ุงูุทูุฑุงู ุงูุงุณุฑุงุฆูู ุงูุง ุจุนุฏ ูุฑูุฑ ุณุงุนุงุช ุนุฏุฉ ๐ูุนูู ุงุณุฑุงุฆูู ูุดุฉ ุญุชู ููุฐู ุงูุฏุฑุฌุฉ ุุุงุฑุญูู ุนููููุง ูุง ูุงุณ ุุุงูุนูููุฉ ุฎุทุทุช ูู ุฒูุงุงุงุงุงุงุงู ูููุฐุช ุจุงุญูุงุงุงู ูุญูุงุงุงุณ ุชุนุฑู ูู ุดูุก .",UC6ZuJm4Xcr3IIWOfL7u9L-Q,http://www.youtube.com/@kamalzoro,0,,
UgwHABFOhBRAL0ueFMd4AaABAg,0,0,"2023-12-22 04:08:53",@user-fj8zs7ve3q,"ุงูููู ุตู ูุณูู ูุจุงุฑู ุนูู ุณูุฏูุง ููุจููุง ูุญูุฏ ูุนูู ุขูู ูุตุญุจู ุฃุฌูุนูู ูุณูู ุชุณูููุง ูุซูุฑุง",UCt58w6xc-nwWSsLDIstuDWw,http://www.youtube.com/@user-fj8zs7ve3q,0,,
UgxGGYGaq7cS64fikEB4AaABAg,6,0,"2023-11-07 16:20:52",@josephmoma9556,"ุงูุฑุจ ูุณูุน ุงููุณูุญ ูุญูู ุงุณุฑุฆูู ูู ุดุฑ ุดุฑูุนุฉ ูุญูุฏ ุงูุดูุทุงู ููู ุดุฑ ุงูุฑูุงุจูู",UCGlWv1v-ugZ55ywstVkSb5g,http://www.youtube.com/@josephmoma9556,0,,
UgxGGYGaq7cS64fikEB4AaABAg.9wozspcHz3qA-zXFaYG4cm,,0,"2024-02-19 04:39:11",@user-ub7lc1di3h,"ุงููู ูุงุฎุฏูุ ุญุณุจูุง ุงููู ู ูุนู ุงููููู ููู ูุง ุนุฏูู ุงูููุจ ู ูุง ุฐูุจ ุงููุฏูููู ูู ุงุทูุงู ู ุดููุฎ ุงูุขู ูุง ุญููุฑ",UCIWjXzrAu73s1SJmrjWoNdw,http://www.youtube.com/@user-ub7lc1di3h,1,UgxGGYGaq7cS64fikEB4AaABAg,@josephmoma9556
UgxGGYGaq7cS64fikEB4AaABAg.9wozspcHz3qA-zXX7BAFxk,,0,"2024-02-19 04:41:35",@user-ub7lc1di3h,"ููุฐ ูุชู ู ูุญูุฏ ุตูู ุงููู ุนููู ูุณูู ุดูุทุงู ูุง ุงูุจู ูุง ุฌุงูู ูุง ุญูุงุฑ ุงูุฌุงููุณ ุงูุถู ููู ุฌุงุก ููุฏุนููุง ููุฑุญูู ู ุงููุฌุงู ูุคูุงุก ุงุตุญุงุจ ุงุฑุถ ู ุญููู ุงูุฏูุงุน ุงูุช ุชุฑู ุงูุงู ูุง ูุนูุชู ุงุณุฑุงุฆูู ุงุชุฑุงู ูู ุงูุดูุทุงู ุงูุงู! ุงูุนุฏุงู ุงูุงูุณุงููู ูุณูุทุฑ ุนููู ู ุงู ููุช ูุณูุญูุง ุฃููุณ ุฏููู ุฏูู ุงููุญุจูุ",UCIWjXzrAu73s1SJmrjWoNdw,http://www.youtube.com/@user-ub7lc1di3h,1,UgxGGYGaq7cS64fikEB4AaABAg,@josephmoma9556
UgxGGYGaq7cS64fikEB4AaABAg.9wozspcHz3qA-zXjPYYgv0,,0,"2024-02-19 04:43:24",@user-ub7lc1di3h,"ุงูุงู ุงู ุชุฐูุฑ ุญุฑู ุนู ุณูุฏูุง ูุญูุฏ ูุง ููุจ ูุง ูู ูุณูู ุงุณุงุก ูููุณูุญ ุงุชุฏุฑู ููุงุฐุง ูุงููุง ูุทุจู ุงูุฏูู ู ูุญุชุฑู ุงูุงูุจูุงุก ู ูุคูู ุจูุจูุชูู ูููู ูู ุถูุงู ุจุงูุบ ูููุฑู ุงูุงุฎูุฑ ุงูุง ุฑุณูู ุงููู ุตูู ุงููู ุนููู ู ุณูู",UCIWjXzrAu73s1SJmrjWoNdw,http://www.youtube.com/@user-ub7lc1di3h,1,UgxGGYGaq7cS64fikEB4AaABAg,@josephmoma9556
UgxGGYGaq7cS64fikEB4AaABAg.9wozspcHz3qA04XWfhosnh,,0,"2024-02-21 12:36:58",@cent-67-god,"โ@@user-ub7lc1di3h ูุง ูู ูุญู ูุญูุฏ ุดูุทุงู ุชุฌุณุฏ ุจููุฆุฉ ุงูุณุงู",UCcL-pAhgaN7uR6CVm4l_BHQ,http://www.youtube.com/@cent-67-god,1,UgxGGYGaq7cS64fikEB4AaABAg,@josephmoma9556
UgxGGYGaq7cS64fikEB4AaABAg.9wozspcHz3qA05GLOiAC6m,,0,"2024-02-21 19:26:07",@user-ky6hm3ic6s,"โ@@cent-67-god ู ุงููู ุงููุฒุนูู ูุงุช ุ . ุงููู ุญู ุนู ุทูุฒู ุฑูุญ ุงุชุนูู ููู ุชูุชุจ ุฒู ุฎูู",UCrRhroIWuuGP59qPdrm5YzA,http://www.youtube.com/@user-ky6hm3ic6s,1,UgxGGYGaq7cS64fikEB4AaABAg,@josephmoma9556
UgxGGYGaq7cS64fikEB4AaABAg.9wozspcHz3qA05Ga8Z-6qG,,0,"2024-02-21 19:28:16",@user-ky6hm3ic6s,"ุงููุง ุจุงูู ุงูู ูุงููุณุช ูู ุงูุจูุถุฉ ูุงู ุงูุงููุงุก ุญูู ุฒู ูุฌูู . ู ุจุงูู ุงูู ูุงุฏุฑุณุช ุชุงุฑูุฎ ุฒู ุนุงูู ููุงุณ . ูุจุงูู ุงู ุงููู ุบุงุณููู ูุฎู ูุงู ุญุชุง ูุณูุญูู ุชู ุชูุฌูุฑูู ูู ููุณุทูู ูุญุชุง ุงูููุงุฆุณ ุนู ุชุชุฏูุฑ ุฑูุญ ุฏูุฑ ูุดูู ุงูุงู ููุฏูููุงุช ุงูู ุงูุตูุงููุฉ ูุนุชุฏู ุนูู ูุณูุญูู . ูุงุฐุง ุญูุงุณ ุงุฑูุงุจูุฉ ุงูุด ุชุณูู ุญูููุชู ูุงุณุฑุงุฆูู ุงุฐู ุ ููุงุฆูุฉ ุ",UCrRhroIWuuGP59qPdrm5YzA,http://www.youtube.com/@user-ky6hm3ic6s,1,UgxGGYGaq7cS64fikEB4AaABAg,@josephmoma9556
Ugx5mltK4Qj9_CTAkqF4AaABAg,1,0,"2023-11-01 14:45:53",@user-wi7ex2to7t,"ููู ูุงู ุงูุฌูุด ุงูุงุณุฑุงุฆููู ูู ูู ูุงุฐุง",UCsTtpCkgRfSMgOE6giZkXcg,http://www.youtube.com/@user-wi7ex2to7t,0,,
Ugx5mltK4Qj9_CTAkqF4AaABAg.9w_NEx5-0SSA0dYkNJCIZc,,0,"2024-03-06 12:20:22",@slmybzkr4879,"ูุงู ูุชูููุง ูุน ุฑูุฃุณุงุฆูู",UC7NCcDGDLvkUn6ao1Us8A2Q,http://www.youtube.com/@slmybzkr4879,1,Ugx5mltK4Qj9_CTAkqF4AaABAg,@user-wi7ex2to7t
Ugxn2Dgq7LM8ISDLVLh4AaABAg,0,0,"2023-10-31 08:05:57",@rassimyounes3463,"โคโคโคโคโคโคโคโคโคโคโคโคโคโคุงููู โฅ",UCIrdP7iZf0q4MfTlq80-56g,http://www.youtube.com/@rassimyounes3463,0,,
Ugz2vCWjDv2auRGidlV4AaABAg,0,1,"2023-10-30 21:07:21",@oumski6893,โคโคโค,UCwbx82OCQSw5vkOmoJlMgVw,http://www.youtube.com/@oumski6893,0,,
UgxlkHR4fOe9QfoIvT54AaABAg,0,0,"2023-10-30 20:15:04",@user-er5ld3fn4v,"ููุงุชูู ุงูุตูููููุฉ ููุถูุญุฉ ุจุงูุญูุงุฒูุง ุงูุตูุงููุฉ ูุนููู ุงููู ุฌููุนุง ููุตุฑ ุฃูู ุงูุนุฒ ุงูููุณุทููููู",UCQHQ5k1n8A96wDoEgOA0DNg,http://www.youtube.com/@user-er5ld3fn4v,0,,
Ugyahc5itS0u_6VMxyB4AaABAg,1,0,"2023-10-30 18:11:20",@rwichawissa2208,"ุซูุงุซุฉ ุขูุงู ุตุงุฑูุฎ ูููุณ ููุงู ุฏูุงุฑ. ูุฐุง ููู ุฎุฏุงุน ูู ุญูุงุณ",UCLQJNFYXAal0NRZr6x04_bw,http://www.youtube.com/@rwichawissa2208,0,,
Ugyahc5itS0u_6VMxyB4AaABAg.9wVa9wd-G4EA05GmObrJCf,,1,"2024-02-21 19:29:56",@user-ky6hm3ic6s,"ูุงุญุฏุง ุฎุงุฏุนู ุงูุง ุงูุตูุงููุฉ . ูุณุงูุฉ ุงุทูุงู ุตูุงุฑูุฎ ูุด ูุชุณูุท ุจุงุณุฑุงุฆูู ูุณุงูุฉ ูู ููู ูุฎุณุฑู ุงูุตูุงููุฉ ูุตุงุฑู . ูุงูุจุฑ ุฏููู ุงู ุฎูุณ ุงูุงู ุตุงุฑูุฎ ุงูู ุงูุทููู ูู ุบุฒุฉ ูููู ุซูุงุซ ููุงูู ุฏููุงุฑ ูุงุณุฑุงุฆูู ุฎุณุฑุช ุนูููู 250 ููููู ุฏููุงุฑ ูุนูู ุงุถุนุงู",UCrRhroIWuuGP59qPdrm5YzA,http://www.youtube.com/@user-ky6hm3ic6s,1,Ugyahc5itS0u_6VMxyB4AaABAg,@rwichawissa2208
Ugy4dhgMquQlw85CAbx4AaABAg,0,1,"2023-10-30 11:50:55",@user-sh1hl5ll3k,"ุทุจุนุง ุงูุชู ูููุงู ุนุจุฑูู ุบูุฑ ูุจุณูุทููู",UClLbQNGP162RplX5LWFc-Vw,http://www.youtube.com/@user-sh1hl5ll3k,0,,
UgxbsArHHNiZtCHntdN4AaABAg,0,1,"2023-10-30 09:46:29",@user-sy3ev9mz9q,"ุฌุฏุงุฑ ูุดุจู ูุงูุนูุชุฉ ูุฑูุณุง ูุน ุงูุฌุฒุงุฆุฑ ุฃุญุงุทุช ุฌููุน ุญุฏูุฏูุง ุจุณูู ููุฑุจุงุฆู",UCwy6Kc6GFQYoP7s2S-_CLmQ,http://www.youtube.com/@user-sy3ev9mz9q,0,,
UgwMD9J0RF-3-9lYxNl4AaABAg,0,0,"2023-10-29 08:36:05",@jouinikamel1005,"ูุง ูุฑุงุณูู ููุงุฉ ุงูุนุฑุจูุฉ ุงูุง ุชุณุชุญูู ูู ุงูุนูู ูู ููุงุฉ ุนุจุฑูุฉ",UCwbxn9z2XEC5pTgPZm5DmDw,http://www.youtube.com/@jouinikamel1005,0,,
UgzIqanYm2BAnzHdihp4AaABAg,2,0,"2023-10-27 19:46:03",@louloucreateur,"259ููุงุจู ุงูุงูุงู ูู ุงูุถุญุงูุง",UCp3uhFJ_KfLjNdOqLNGZtmg,http://www.youtube.com/@louloucreateur,0,,
UgzIqanYm2BAnzHdihp4AaABAg.9wO1byW-8MoA05H8kg5TcE,,1,"2024-02-21 19:33:08",@user-ky6hm3ic6s,"ุญุฑูุจ ูุงุชูุญุณุจ ุจูุฎุณุงุฆุฑ ูุงูุจุฑ ุฏููู ุงู ุงูุงุชุญุงุฏ ุงูุณูููุชู ุฎุณุฑ ุฎูุณ ูุนุดุฑูู ููููู ุงูุณุงู ูู ุงูุญุฑุจ ุนุงูููุฉ ุซุงููุฉ ู ูุงุฒ . ูุจุนุฏูู ุงุตูุง ุชู ุงุณุฑ ุงุจู ุณุชุงููู ูู ุญุฑุจ ุนุงูููุฉ ุซุงููุฉ ููุงุจู ูุฑุฌุนูู ูุงุฒู ููุฎุฐู ูุงุฑุดุงู ูุณุฌูู ูุณุชุงููู ูุงูุจู . ุงูุง ุงูุนุฏุฏ ุงูู ูุด ุนุงุฌุจู ูุฐู ุณุจุจ ูุงุณุฑุงุฆูู ุงูุงู ุฎุณุงุฆุฑ ุงูุงูุชุตุงุฏูุฉ ูุงูุณูุงุณูุฉ ูุซู ูุธุงูุฑุงุช ุงูู ุนู ุชุญุงุตุฑ ููุงุทู ุงูุญูููุฉ ูุงูู ุชููุน ุญูููุฉ ุตูููููุฉ ุชุดุชุบู ุฒู ุนุงูู ููุงุณ .",UCrRhroIWuuGP59qPdrm5YzA,http://www.youtube.com/@user-ky6hm3ic6s,1,UgzIqanYm2BAnzHdihp4AaABAg,@louloucreateur
UgzIqanYm2BAnzHdihp4AaABAg.9wO1byW-8MoA0dZ0mkvAt4,,0,"2024-03-06 12:22:45",@slmybzkr4879,"ูููููู ููุต ุงูููููู ุดููุฏ ููุซุฑ ูู ููุงูู ุดููุฏ ูู ุชูู ูุฑูุณุง ุนููู ูู ุงูุฌุฒุงุฆุฑ ููู ูุฃุฎูุฑ ุฎูุตุช ุนูู ูุฑูุณุง โค ุงู ููุตูู ูุฅูุชุตุงุฑ ูุฃุฎุฐ ููุช ุทููู ูุฃููู ูุญุฏูู ูุงุฎูุงููู ูุทุจุนูู ูุซููุง ูุนูู ูุน ุงูุฌุฒุงุฆุฑ ูููู ุชุฑูููู ููุญุฏูู ุญุชุง ุชููุง ููููู ููุต",UC7NCcDGDLvkUn6ao1Us8A2Q,http://www.youtube.com/@slmybzkr4879,1,UgzIqanYm2BAnzHdihp4AaABAg,@louloucreateur
UgxzhT29PTgVvJ9joml4AaABAg,0,1,"2023-10-26 21:07:33",@user-op1fc8eo7r,"ูุนู ูุงุงุงุง ููุณุทูู ูู ุงูุฌุฒุงูุฑ",UCCPfUqO5YrpLyETgeteZACg,http://www.youtube.com/@user-op1fc8eo7r,0,,
Ugw9YWgpLzIynj21YC54AaABAg,0,0,"2023-10-25 17:15:42",@user-nu1cz5hw3h,"ูููููู ุงู ุดุงุก ุงููู ูุงุฑุจ ๐คฒ",UCkl9U-O5rwrJoZsskq5I8CA,http://www.youtube.com/@user-nu1cz5hw3h,0,,
UgynS2C-3U90PQ7b1LJ4AaABAg,0,0,"2023-10-24 17:52:25",@user-fo5yl6cm9j,"ุงูููู ุงูุตุฑ ุงููููุฏ ุนูู ุงููุณูููู ุญุงู ููุงุฉ ุงูุนุฑุจูุฉ ูุงูุญุฏุซ ๐๐",UCnh7h-OrNpSesbnGmrF060w,http://www.youtube.com/@user-fo5yl6cm9j,0,,
Ugz6_W3oZvPWFDaQJj14AaABAg,2,1,"2023-10-24 10:38:51",@jadonah2248,"ุงูุฃุทูุงู ุงูุฃุจุฑูุงุก ุดููุฉ ุฐูุจูู ูุง ุนููุชูุด ุญุณุงุจ ูุฑุฏุฉ ุงููุนู ููู ุญุชููู",UCRiKegAvpHYXhV7ZjjsT3Ag,http://www.youtube.com/@jadonah2248,0,,
Ugz6_W3oZvPWFDaQJj14AaABAg.9wFKbX9Fc2xA05HIuICrCU,,1,"2024-02-21 19:34:31",@user-ky6hm3ic6s,"ููุงุฐุง ูุนูุช ุญูููุชู",UCrRhroIWuuGP59qPdrm5YzA,http://www.youtube.com/@user-ky6hm3ic6s,1,Ugz6_W3oZvPWFDaQJj14AaABAg,@jadonah2248
Ugz6_W3oZvPWFDaQJj14AaABAg.9wFKbX9Fc2xA0dZ6rzJVeQ,,0,"2024-03-06 12:23:35",@slmybzkr4879,"ุงูุชู ุณุจุจ ููุทุจุนูู ูููุฑุชู ุงูู ุชุทุจูุน ุฑุงุญ ููุชู ุฑุถุน ๐ข ูุญูุด ูุงููู ููุงุญุฏ ุฎุงู ูู ููุทุจุนูู ุงูุซุฑ ูู ุงุณุฑุงุฆูู",UC7NCcDGDLvkUn6ao1Us8A2Q,http://www.youtube.com/@slmybzkr4879,1,Ugz6_W3oZvPWFDaQJj14AaABAg,@jadonah2248
UgzURurdgyufzIgz1gJ4AaABAg,1,0,"2023-10-20 21:37:27",@abdulrhmanmadhugi457,"ุจุงูุชูุณูู ูุน ุงุณุฑุงุฆูู",UCStDAZNGC2zuCyQ_QcNfbwQ,http://www.youtube.com/@abdulrhmanmadhugi457,0,,
UgzURurdgyufzIgz1gJ4AaABAg.9w6CnpVtbCOA05HKSjJPoe,,0,"2024-02-21 19:34:44",@user-ky6hm3ic6s,"ูุฐู ุฏููู ุนูู ุฌููู ูุบุจุงุฆู",UCrRhroIWuuGP59qPdrm5YzA,http://www.youtube.com/@user-ky6hm3ic6s,1,UgzURurdgyufzIgz1gJ4AaABAg,@abdulrhmanmadhugi457
UgyTCO3wm3vvfP1SfKZ4AaABAg,0,0,"2023-10-20 20:57:09",@hocinattab2565,ุชู,UCjYFTqMa27qDOIjhbUwtc4w,http://www.youtube.com/@hocinattab2565,0,,
UgyIXhQF71yEjkXbZEV4AaABAg,0,5,"2023-10-20 00:07:40",@saidochabani542,"ุงูููู ุงูุตุฑ ุฅุฎูุงููุง ูู ููุณุทูู ๐ต๐ธ๐ต๐ธ๐ต๐ธโ",UCJydJ3LR1KPYUNn_pBichfQ,http://www.youtube.com/@saidochabani542,0,,
UgwCs6lwHYwiIjfaqA14AaABAg,0,0,"2023-10-19 22:29:01",@user-yc8io2xp9z,"ุชุนุงูู ูุดุชุฑู ูุน ุงูุฑุงู ูุงุณุฑุงุฆูู",UCNwa6n-oKoUN5ATvB3VH-HA,http://www.youtube.com/@user-yc8io2xp9z,0,,
UgzHL-DiJjH87Ll6_fZ4AaABAg,0,0,"2023-10-18 18:45:57",@wassim_1980,"ููู ุงูุงุณุฑู ูู ููุณุทูู ุงููุญุชูุฉ ุฅูู ุบุฒุฉ",UCpw18RaS2S7a--0rdUmxjQA,http://www.youtube.com/@wassim_1980,0,,
Ugzyr7Nvix3m_lm93z54AaABAg,2,0,"2023-10-18 14:30:13",@danworld26,"ููุงุฐุง ูุฑ 4 ููุงููู ุณูุฑู ูู ุงููุตู ุงูุฑูุณู ูู 2015-2016 ุฅูู ุฃูุฑูุจุง ูุงูููุงูุงุช ุงููุชุญุฏุฉ ูุญุชู ุฅุณุฑุงุฆูู ูู ุฃุฌู ุงูุจูุงุกุ ููุงุฐุง ูู ููุฑุจูุง ุฅูู ุงูุฅูุงุฑุงุชุ ุฃูุช ุจููุณู ุชุนูู ุฃู ุงูุนุฑุจ ุงูุฅูุงุฑุงุชููู ูุนุชุจุฑูู ุงูุนุฑุจ ุงูุขุฎุฑูู ูู ุงูุฏุฑุฌุฉ ุงูุซุงููุฉุ ููู ููุชููู ุจููุงุทูููู ุฃูุซุฑ ูู ุงูููุงุทููู ุงูุนุฑุจ ุงูุขุฎุฑูู. ููููู ูุณุจุจ ูุง ุฎุจุฑุงุก ูู ุฅููุงุก ุงูููู ุนูู ุญูู ุดูุงู ุงูุฃุทูุณู ูุงูููุงูุงุช ุงููุชุญุฏุฉ ูุฅุณุฑุงุฆูู ูู ูุฐุง ุงูุฃูุฑ. ูุทุฑ ูุฅูุฑุงู ูุฑูุณูุงุ ููุงุฐุง ูุนุทูู ุงูุฃุณูุญุฉ ูุญูุงุณ ูุญุฒุจ ุงูููุ ูุงุ ูุชูููุฑ ุงูุชุนููู ูุงูุฏูุงุก ูู ุฃุฌู ุงูุชูููุฉุ ููููู ููุฏููู ููู ุงูุฃุณูุญุฉ ููุดุฌุนูููู ุนูู ุงููุชุงู ุถุฏ ุฅุณุฑุงุฆููุ ูู ุงููุงูุน ูู ุฃููุณูู ูุญุฑุถูู ุนูู ุงูุตุฑุงุน ูู ุงูุดุฑู ุงูุฃูุณุท. ุชุญููู ูุฏุฑ ุงูุฅููุงู !!!!",UCvPXh-GeXqMdeAv_gYnd_3Q,http://www.youtube.com/@danworld26,0,,
Ugzyr7Nvix3m_lm93z54AaABAg.9w0IJsPNgnX9w0yn-arCto,,1,"2023-10-18 20:50:04",@user-um5zh6tm9b,"ูุณุคูููู ุนููุุุ",UCS38c23A7CV2S1utSzMQPEg,http://www.youtube.com/@user-um5zh6tm9b,1,Ugzyr7Nvix3m_lm93z54AaABAg,@danworld26
Ugzyr7Nvix3m_lm93z54AaABAg.9w0IJsPNgnXA05HZPSfRM4,,0,"2024-02-21 19:36:46",@user-ky6hm3ic6s,"ูู ุญูููุงุช ููุชูุฉ ุจูุตูุญุฉ ููุณูุง ุซู ุดุนุจูุง . ู ุฑูุณูุง ูุน ุงุณุฑุงุฆูู ู ูุทุฑ ูุญุงูุฏุฉ ู ุงูุฑุงู ูู ูุญูุฏุฉ ุงูู ุชููู ุญูุงุณ ุจููุงู ูุงููู ุนูุฏูู ุนุฏู ูุดุชุฑู . ุงูุฑุงู ูุง ุงุนุทุช ุดูุก ูุญูุงุณ ุบูุฑ ูุงู . ุฎูู ุญูููุชู ุชุญุฑุฑ ููุณุทูู ูุชุนุงู ุชููู",UCrRhroIWuuGP59qPdrm5YzA,http://www.youtube.com/@user-ky6hm3ic6s,1,Ugzyr7Nvix3m_lm93z54AaABAg,@danworld26
UgwF9xv0JxDwYLoPWj54AaABAg,0,0,"2023-10-18 07:29:36",@user-dk1cz6mj9j,"ุงููู ูุนุทููู ุงูููู ุงูุงููุงู",UCDxNpIGsy6h772Ep0QAtZ0g,http://www.youtube.com/@user-dk1cz6mj9j,0,,
Ugwk9ZBGl1zdHo2XmAh4AaABAg,0,11,"2023-10-17 23:51:24",@user-fb1pi8hw6l,"ุงูููู ุงูุตุฑ ุงุฎูุงููุง ูู ููุณุทูู ุงูููู ุซุจุช ุฃูุฏุงููู ูุงุฑุจ ุงูุนุงูููู ุจุฅุฐู ุงููู ุชุนุงูู",UCJiWQebSO8gtwt7K-gVBSbA,http://www.youtube.com/@user-fb1pi8hw6l,0,,
UgwF_vqlB1xjblv-DYF4AaABAg,0,1,"2023-10-17 22:15:34",@Tunisianbeauties,"ุงุณุฑุงุฆูู ููุฐุชูุง ููู",UCsBnPergAcEn3nM7_LOgDgA,http://www.youtube.com/@Tunisianbeauties,0,,
Ugxe02AX2PzNqTdE46x4AaABAg,0,0,"2023-10-17 17:16:08",@bouchratalbi5432,"ุงููุตุฑ ููู ูุง ุงุจุทุงููุง",UCVSGtx9jxaK_TWaNYey5teA,http://www.youtube.com/@bouchratalbi5432,0,,
UgyYDVx484Kg4MWlwtJ4AaABAg,3,3,"2023-10-17 12:32:59",@isaac8334,"ู ุฑุงุญ ุชุชูุน ุงูุซูู ุบุฒู ุนูู ูู ุบุจุงุก ู ุชููุฑ ุงูุฅุฑูุงุจู",UCa_zfsifJOvWa6QQUIrZBVg,http://www.youtube.com/@isaac8334,0,,
UgyYDVx484Kg4MWlwtJ4AaABAg.9vyW6OQzzYy9w5goM8idki,,1,"2023-10-20 16:49:10",@aylaayan7563,"ูุนูุฉ ุงููู ุนููู ูุช ูู ุงุฑูุงุจู",UCRO5Qma34xaGZSV9kFXhu9A,http://www.youtube.com/@aylaayan7563,1,UgyYDVx484Kg4MWlwtJ4AaABAg,@isaac8334
UgyYDVx484Kg4MWlwtJ4AaABAg.9vyW6OQzzYyA05HcJevPdB,,1,"2024-02-21 19:37:18",@user-ky6hm3ic6s,"ุงุฐุง ุญูุงุณ ุงุฑูุงุจูุฉ ูุญูููุชู ูุงุณุฑุงุฆูู ุงูุด ุ",UCrRhroIWuuGP59qPdrm5YzA,http://www.youtube.com/@user-ky6hm3ic6s,1,UgyYDVx484Kg4MWlwtJ4AaABAg,@isaac8334
UgyYDVx484Kg4MWlwtJ4AaABAg.9vyW6OQzzYyA0dZBQNetYN,,0,"2024-03-06 12:24:12",@slmybzkr4879,ุชููู,UC7NCcDGDLvkUn6ao1Us8A2Q,http://www.youtube.com/@slmybzkr4879,1,UgyYDVx484Kg4MWlwtJ4AaABAg,@isaac8334
UgzGPZmU3yuK-W4m8Bd4AaABAg,2,0,"2023-10-13 15:44:43",@ahmedalhrbwe1510,"ููุฐุช ุนูููุชูุง ุจุงููุนูููุงุช... ูุซููุง ุงูุชุตุฑ ูฅูู ุญูุซู ุนูู ุฌูุด ุงูุณุนูุฏูุฉ ุงููุฏุนูู ูู ูุจู ุงูุฑููุง ูุทูุงุฑุงุช ูุฏุจุงุจุงุช ูุบูุฑ ุฐูู ูู ุงูุงุณูุญุฉ..... ุงูุจุทููุงุช ูุงููุนูููุงุช ุงูุนุงููุฉ ูุง ูููููุง ุงููุทุจุน ูุงูุนููู ูุงููุญุชู ......",UCGcTKDfOFw24TCsRCXWJEcw,http://www.youtube.com/@ahmedalhrbwe1510,0,,
UgzGPZmU3yuK-W4m8Bd4AaABAg.9voYsEdVY8y9w0yh-0k5Zy,,1,"2023-10-18 20:49:15",@user-um5zh6tm9b,"ุญูุงุณ ุงุฑูุงุจูุฉ ูุซููุง ูุซู ุฅุณุฑุงุฆูู ุงูุณุนูุฏูู ุฏุงุนุณุชูู ุฏุงุฆูุง ูุงุจุฏุง",UCS38c23A7CV2S1utSzMQPEg,http://www.youtube.com/@user-um5zh6tm9b,1,UgzGPZmU3yuK-W4m8Bd4AaABAg,@ahmedalhrbwe1510
UgzGPZmU3yuK-W4m8Bd4AaABAg.9voYsEdVY8y9w6EwDNiiAV,,1,"2023-10-20 21:56:05",@gazi1374,"ุงูุชุตุฑุช ุจูุงุช ๐๐",UCMftH4JsSyabMI4h_g48cNQ,http://www.youtube.com/@gazi1374,1,UgzGPZmU3yuK-W4m8Bd4AaABAg,@ahmedalhrbwe1510
UgwBvvcn4v7zECN2lKZ4AaABAg,0,1,"2023-10-13 10:01:13",@user-qb8sf7yn8w,"ุงูููู ุนุฌู ููููู ุงููุฑุฌ ูุงููุฏู ุงูุตุฑูุง ูุงุฑุจ ุงูุตุฑุบุฒู ูู ุงูุนุฑุงู ุงูู ููุณุทูู ุงูุญุจูุจู",UCHzLDHSVyV0M2rIkZ_qWX8w,http://www.youtube.com/@user-qb8sf7yn8w,0,,
UgzVgc27l0lm3wEcPpt4AaABAg,0,1,"2023-10-13 06:56:19",@abn_al_aerabii-1_9_93,"ูุงุณูุงู ุฑูุนู ุงููุฐูุนุฉ ุงูุงู ููุช ููู ุฏุฎู. ุจุนุถ ุงููููุงุช ุจุงูุดุฑุญ 30ุฏูููู ููู ุฏุฎูู๐",UCCGMzN0senezoOlVuPnCISQ,http://www.youtube.com/@abn_al_aerabii-1_9_93,0,,
Ugxb_8KCC7inq9ErICt4AaABAg,0,0,"2023-10-12 08:28:38",@euna9632,"ุฃูุง ููุฑู ุฑุฃูู ูู ุฃู ุงูููุณุทููููู ููุณูุง ูุณูููู. ููุชู ุงูุฃุทูุงู ูุงููุณุงุก ุจุณูููุฉ ุฅููู ูุฎูููู ุตูุฑุฉ ุณูุฆุฉ ุนู ุงููุณูููู ูู ุงูุฎุงุฑุฌ ูุคูู ุงููุณูููู ุจูุณุงุนุฏุฉ ุงูุขุฎุฑูู. ููุณ ูู ุงูููุจูู ุฃุจุฏูุง ุฃู ุชูุนู ุฃุดูุงุก ุณูุฆุฉ ููุขุฎุฑูู. ูุฃุนุชูุฏ ุฃูุถูุง ุฃู ุฌููุน ุงูุฃุดุฎุงุต ุงูุฐูู ูุชุตุฑููู ุจุดูู ุณูุก ุชุฌุงู ุงูุฃุดุฎุงุต ุงููุญุฑูููู ุงุฌุชูุงุนููุง ููุณ ููู ุงูุญู ูู ุฃู ูุทูููุง ุนูู ุฃููุณูู ุงุณู ุงููุณูููู.",UCzHM09F578Tgqj6WO8o8sOg,http://www.youtube.com/@euna9632,0,,
UgxIS49eLmqR9_dTNHx4AaABAg,0,1,"2023-10-11 14:53:55",@user-yj1hp6my5r,"๐๐๐๐๐ ูุงูุญูู ุญูุงุณ ุชุชุฑุฌู ุงูุนุงูู ูุชุฏุฎููู ูุชุฎููู ุงููุถุน ุทูุจ ูุงููุงุจ ูุงูุงุฑูุงุจูู ุฏุงููู ูุงุชุชุญูููู ููุด ุชูุฌููู ุงุณุฑุงุฆูู ุฎูุงุต ุงูุชูู ุงูุฑูู ูู ุงูุนุงูู ุถุฏูู ุนุฑุจ ูุณูููู ูููุฏ ุงูุฑูุจููู ุงูุฑููุงุงููู ูุฒูุฏูู๐๐๐๐๐",UCcw7qK4sr8xmxVNR_tvVo2Q,http://www.youtube.com/@user-yj1hp6my5r,0,,
Ugz537czh2yUFikhEpt4AaABAg,0,3,"2023-10-11 07:11:45",@user-yv2is1rj1e,"ูุง ุฑุจ ุงูุตุฑ ููุณุทูู ๐ต๐ธ ูููุฆุง ูู ูุง ูุทูู ุซุงูู ุฑุจู ูุนูู",UCrHq0Aurz_LB6fdS3FDaZeA,http://www.youtube.com/@user-yv2is1rj1e,0,,
UgwBm2IwjK2oPVYiil14AaABAg,1,2,"2023-10-11 06:17:46",@user-yq6go4ki3e,"ุงูููู ุงุณุชุฑูู ูุงุญูุธูู ูุงูุตุฑูู ูุงุดู ุตุฏูุฑ ููู ูุคูููู ุนูู ุฃุนุฏุงุฆู ูุฃุนุฏุงุฆูุง ูุฅููู ูุง ูุนุฌุฒููู ุณุจุญุงูู",UCJ0i2lrnS-BFCx41NG6qAgg,http://www.youtube.com/@user-yq6go4ki3e,0,,
UgwBm2IwjK2oPVYiil14AaABAg.9viOP-PvLdz9wDhFhDtyvE,,0,"2023-10-23 19:26:58",@saidalallam7352,"ุงูููู ุขููู ูุงุฑุจ ุงูุนุงูููู",UC9hBtWGM31HSJRfvSurjF1g,http://www.youtube.com/@saidalallam7352,1,UgwBm2IwjK2oPVYiil14AaABAg,@user-yq6go4ki3e
UgxiJ5MSkXlKmzO_Cp14AaABAg,0,9,"2023-10-11 05:58:17",@khadijahamro8507,"๐๐๐๐๐๐๐๐๐๐๐๐คฒ๐ป๐คฒ๐ป๐คฒ๐ป๐คฒ๐ป๐คฒ๐ป๐๐ป๐๐ป๐๐คฒ๐ป ุงููู ููุตุฑูู ุนูู ุงูููู ุงูุธุงูููู ูุงูููุงุฑ ุจุงููู ุชุญูุงุชู ููุฌููุน ุงูุดุนุจ ุงูููุณุทููู ูู ุฅุณุจุงููุง ๐ช๐ฆ๐ช๐ฆ๐ช๐ฆ๐ช๐ฆ๐ช๐ฆ๐ช๐ฆ๐ช๐ฆ๐ช๐ฆ",UCgFBsJ1U55rCyPMOGFo-rTg,http://www.youtube.com/@khadijahamro8507,0,,
UgzGwKTJpa0bTYc4zGZ4AaABAg,0,0,"2023-10-11 04:18:30",@user-zn5jg1ug7l,"๐๐โ๏ธโ๏ธ๐ฎ๐ท๐ฎ๐ถ๐ธ๐พ๐ฑ๐ง๐ต๐ธ ููุงููู ูุชุญุฑูุฑ ููุตุฑ ูุณูุท ุงูุงุญุชูุงู ุงูุตููู ุงูุงูุฑููู ุงูุงุณุฑุงุคููู ุงูุบุฑุจู ุงูุฅุฑูุงุจู ุงููุญุชู ูุชุญุฑูุฑ ุงูุจูุงุฏ ุงูุนุฑุจูู ูุงูุฅุณูุงููุฉ",UCy5yHmbeY0gPnVuFix13IxQ,http://www.youtube.com/@user-zn5jg1ug7l,0,,
Ugz9vf7fkjl4VKivxEZ4AaABAg,0,0,"2023-10-11 04:09:18",@Algerianviva,"ุงูุฑููุง ุงุญุชูุฑุฉ ุงูุดุนูุจ ุงูุฐู ุจูุฏุงููุง ูุทุจุนุฉ ูุน ุงูุนุฏู ุงููุญุชู ูุตุฑุญ ุฑุฆูุณูุง ุงููุนุชูู ุงูุฎุฑู ุจุงูุฏู ุจุตุฑุงุญุฉ ูุญู ูุน ุงูููุงู",UC-mln4YFlrCy3JrmdmObKlA,http://www.youtube.com/@Algerianviva,0,,
UgyCUoJIaCxFyWSUr6Z4AaABAg,0,0,"2023-10-11 03:53:23",@f9tm3,"ุงููู ูุงุฎุฐูู ูุฐุง ูููู ูุงููุงุฉ ุงูุนุจุฑูู ููู ุฏุฎูุช ูููู ููุฐุช ุญุณุจูุง ุงููู ููุนู ุงููููู ูููู",UCaEqRSREBKw2OdxAanU19Kg,http://www.youtube.com/@f9tm3,0,,
UgyI7cu4r2_43ifcoMx4AaABAg,0,0,"2023-10-11 03:37:54",@aboSalah-mz7tv,"Long live free and proud Palestineโค",UCUyPyQ8yj28gNob3HjTk4DQ,http://www.youtube.com/@aboSalah-mz7tv,0,,
UgxP-IHSZlz-yCenF4l4AaABAg,2,0,"2023-10-11 02:52:45",@wildcatslife686,"ุฎูุงุต ุฑุงุญุช ุบุฒุฉ ๐ข๐ข",UCzNeler_LBLVcXWofwwapRQ,http://www.youtube.com/@wildcatslife686,0,,
UgxP-IHSZlz-yCenF4l4AaABAg.9vi0wL16hdP9viPsTFIuAu,,0,"2023-10-11 06:30:40",@monismedaoui5731,"ุงูููุง ูู ุงูุฌูุฉ ุงู ุดุงุก ุงููู โค",UCoVRGnVxQnRSrP6zyABsBRw,http://www.youtube.com/@monismedaoui5731,1,UgxP-IHSZlz-yCenF4l4AaABAg,@wildcatslife686
UgxP-IHSZlz-yCenF4l4AaABAg.9vi0wL16hdP9w5Kwi5E5n5,,0,"2023-10-20 13:29:20",@salmam6389,"ุนูุฏูุง ุชููู ูุฏ ุญููุช ูู ุฎููู ูู ูุณุงุกู ูุงุทูุงูู ููุจุงุฑ ุงูุณู ูุงููุช ููู ุงูุทุนุงู ูุงููุณูู ูุงูุงูุงู ุญูููุง ููุท ููุท ููุฑ ุงู ููุช ุณุชูุนู ูุงูุนูุชู ูุงูู ุณุชุฌุฑู ูู ุงููู ููุงูู ูุจูุชู",UCpPQ0l1-KA-7ck7WW_eT5VQ,http://www.youtube.com/@salmam6389,1,UgxP-IHSZlz-yCenF4l4AaABAg,@wildcatslife686
Ugyd9H_840rZLCIfOQZ4AaABAg,0,5,"2023-10-11 02:17:23",@amiraboussouf4593,"โ๐ปุชุญูุง ููุณุทูู ๐ต๐ธ ูุงุฐู ููุง๐ช๐ป ุฃุจุทุงู ๐๐ปุจุฑุงูู ๐คฒ๐ปุงููู ูุนุทููู ุงูุตุญุฉ ๐คฒ๐ปุฑุจู ูุญูุธูู ๐คฒ๐ปุฅู ุดุงุก ุงููู ๐คฒ๐ปุงููู ูุญูููู๐คฒ๐ป ุงููู ูููููู ๐คฒ๐ป",UCCkDgsy3JThRNgHRfj9lwjQ,http://www.youtube.com/@amiraboussouf4593,0,,
UgwyB2SaO9eB_t2KC3h4AaABAg,0,1,"2023-10-11 01:30:53",@waelqaymenq4219,"โุงูููู ุตูู ูุณูู ูุจุงุฑู ุนูู ุณูุฏูุง ููุจููุง ูุญุจูุจูุง ูุญูุฏ ุนุฏุฏ ูุง ุฐูุฑู ุงูุฐุงูุฑูู ุงูุบุงูููู",UCurmlOrH-qduJEiBf3psNxA,http://www.youtube.com/@waelqaymenq4219,0,,
Ugyk4ySRHpg7SLBR_794AaABAg,0,1,"2023-10-11 01:30:47",@waelqaymenq4219,"โุณุจุญุงู ุงููู ูุจุญูุฏู ุณุจุญุงู ุงููู ุงูุนุธูู๐ค",UCurmlOrH-qduJEiBf3psNxA,http://www.youtube.com/@waelqaymenq4219,0,,
UgwRVC4vfY6lgFfJXCZ4AaABAg,0,0,"2023-10-11 00:03:43",@hafssaHanan-dm1dk,"ููุงุฉ ุงูุนุฑุจูุฉ ุชุงุจุนุฉ ุตูุงููุฉ ุงููุญุชููู",UCWK3yyLSOaLqMSNpEH9t7jw,http://www.youtube.com/@hafssaHanan-dm1dk,0,,
Ugwata7ovSgyL90ah214AaABAg,1,0,"2023-10-10 23:45:48",@parsifal_7784,"Stavolta Allah, vi manda a cacร. ๐๐๐",UCY5q3iByVcouCfKhg5UXcaw,http://www.youtube.com/@parsifal_7784,0,,
Ugwata7ovSgyL90ah214AaABAg.9vhgY7RVxR19viPze1Z8ps,,0,"2023-10-11 06:31:39",@monismedaoui5731,ุุุุุ,UCoVRGnVxQnRSrP6zyABsBRw,http://www.youtube.com/@monismedaoui5731,1,Ugwata7ovSgyL90ah214AaABAg,@parsifal_7784
Ugxml-AGmIHKiQyjEgN4AaABAg,0,0,"2023-10-10 23:39:40",@user-yl1ji9ck5m,"ุงูุญูุฏ ููู ููุนูู ุงููู ุนูููู ูุงุณุนูุฏููู ุนูุฆ ุชุทุจูุนูู",UCXP-o8izBZQtJnAs_qfyR7A,http://www.youtube.com/@user-yl1ji9ck5m,0,,
UgzRSSzdvEOajoBhgXd4AaABAg,0,0,"2023-10-10 23:32:57",@boumedienbenderfouf447,"โคโคโค ุงููู ุงูุจุฑ ุงููู ุงูุจุฑ ุงููู ุงูุจุฑ ุงูููู ููุตุฑ ุดุนุจ ููุณุทูู ูุบุฒุฉ ุงูููู ุตูู ุนูู ุณูุฏูุง ูุญูุฏ ุตูู ุงููู ุนููู ูุณูู",UCtZXTTVbI87128pnyuMwUZQ,http://www.youtube.com/@boumedienbenderfouf447,0,,
UgyUz6reEY-y-8M6FnB4AaABAg,0,0,"2023-10-10 23:30:06",@user-xg7up3li3p,"ุงููุนูู ุงูุญูููู ููุนุจุฉ ุงููุฑู ูุงูุฑ",UCyzNq4thCmOthYIUatjpqgA,http://www.youtube.com/@user-xg7up3li3p,0,,
UgzAXbDohFsVirIvbSN4AaABAg,0,8,"2023-10-10 23:26:09",@user-ez1ef1py3r,"ุงูููู ุงูุตุฑ ุงุฎูุงููุง ุงูููุณุทูููู ุงูููู ุงููู ูุงุฑุจ ุงูุนุงูููู",UC6kUbjg2YxsP2ikhe6FB8uQ,http://www.youtube.com/@user-ez1ef1py3r,0,,
UgyCkXoYdrWWCAyQWbR4AaABAg,0,0,"2023-10-10 23:14:19",@user-vj8eh7en5k,"ุฃูู ุฃูุชู ูุงุนุฑุจ ูุฃูุฉ ุงููููุงุฑ ูุณูู",UC90-IVvc6Nt2DBv9dsvIaGQ,http://www.youtube.com/@user-vj8eh7en5k,0,,
UgxVY1laO6tm_FxRFzR4AaABAg,0,8,"2023-10-10 23:03:23",@cherifmouaci9937,"ูู ุงูุฌุฒุงุฆุฑ ุงูููู ุงูุตุฑ ุฅุฎูุงููุง ูู ููุณุทูู โคโคโค",UCfjmOg0BnTLNjMDAGLjHDRg,http://www.youtube.com/@cherifmouaci9937,0,,
UgxBdtRaq5Jl4Lb3yEJ4AaABAg,3,0,"2023-10-10 22:59:40",@TrensMosta,"ูุงูุชู ููุด ุชูุดููู ุงูุฎุทุฉ ุ๐ค",UCWATNndiDF46m_TwATWPpQg,http://www.youtube.com/@TrensMosta,0,,
UgxBdtRaq5Jl4Lb3yEJ4AaABAg.9vhbGCYcule9vhgaNcTKJc,,0,"2023-10-10 23:46:15",@parsifal_7784,"ร la supercazzola. ๐",UCY5q3iByVcouCfKhg5UXcaw,http://www.youtube.com/@parsifal_7784,1,UgxBdtRaq5Jl4Lb3yEJ4AaABAg,@TrensMosta
UgxBdtRaq5Jl4Lb3yEJ4AaABAg.9vhbGCYcule9vhrvSvV-Sh,,1,"2023-10-11 01:25:15",@haneenfadeel7543,"ูุงู ุชู ุชูููุฐูุง ๐ููุงุนุงุฏุช ุณุฑูุฉ",UCfiRe-5d2cUwlp__fff5Nag,http://www.youtube.com/@haneenfadeel7543,1,UgxBdtRaq5Jl4Lb3yEJ4AaABAg,@TrensMosta
UgxBdtRaq5Jl4Lb3yEJ4AaABAg.9vhbGCYcule9vi2BfnePeW,,0,"2023-10-11 03:03:43",@TrensMosta,"ููุน ุฐูู ุนู ูุฒูุฏู ุชูุนูุฉ ููุงุญุชูุงู",UCWATNndiDF46m_TwATWPpQg,http://www.youtube.com/@TrensMosta,1,UgxBdtRaq5Jl4Lb3yEJ4AaABAg,@TrensMosta
UgzUJEXyYSV-L2aaOoR4AaABAg,0,3,"2023-10-10 22:11:19",@AminAmin-zu5kr,"ูู ุงููุบุฑุจ ุงูููู ุงูุต ุฑ ููุณุทูู ุงูุญุจูุจุฉ",UCyCrtNBj0td2XDhe9_tXNWw,http://www.youtube.com/@AminAmin-zu5kr,0,,
UgylJYAKonB5aQaZ_BF4AaABAg,4,6,"2023-10-10 22:09:37",@awiliwili,"ุตุฑุงุญุฉ ุจุฑุงุนุฉ ูููุทุนุฉ ุงููุธูุฑ ุฎุทุฉ ูุญููุฉ ูุฏุฑูุณุฉ ูู ูู ุงูููุงุญู ูุดุงุก ุงููู ุนูููู ููุท ุฃุนูุจ ุนูููู ุดูุก ูุงุญุฏ ุฃูุง ููู ุงูุชูููู ุจุงูุฌุชุช ุบูุฑ ูุฐุง ูููุชู ููููุชู ูู ุงููุบุฑุจ ๐ฒ๐ฆ๐ช",UChgdWDhNE18NH2ccGkpb9_w,http://www.youtube.com/@awiliwili,0,,
UgylJYAKonB5aQaZ_BF4AaABAg.9vhWXeMyEA_9w5ghdO0An9,,0,"2023-10-20 16:48:15",@aylaayan7563,"ูุงูุนูู ุชูููู ุจุงูุฌุซุซ",UCRO5Qma34xaGZSV9kFXhu9A,http://www.youtube.com/@aylaayan7563,1,UgylJYAKonB5aQaZ_BF4AaABAg,@awiliwili
UgylJYAKonB5aQaZ_BF4AaABAg.9vhWXeMyEA_9w5hB8EIKaJ,,0,"2023-10-20 16:52:25",@awiliwili,"@@aylaayan7563 ุงูุนูุณ ูุงูุฑูุณ ูุงูุตุนูุฏ ููู ุงูุฌุชุซ ุงูููุชููุฉ ููุฐุง ููุณ ูู ุงุฎูุงู ุงูุงุณูุงู",UChgdWDhNE18NH2ccGkpb9_w,http://www.youtube.com/@awiliwili,1,UgylJYAKonB5aQaZ_BF4AaABAg,@awiliwili
UgylJYAKonB5aQaZ_BF4AaABAg.9vhWXeMyEA_9wFTh8hw_rR,,2,"2023-10-24 11:58:15",@tswa00ro7ee,"ููู ุงูุจุฑุงุนู ุจุงููู ุ ุทูุฑุงู ุดุฑุงุนู ุ ุฏุฑุงุฌุงุช ูุงุฑูู ุ ููู ุตุงุฑูุฎ !! ูุงููุฑู ุจุงูุฑุฏ ููู ุฑุงุญ ูููู ูู ุฌูุด ูุฏุนูู ูู ุงูุฑููุง ุจ ุงุญุฏุซ ุงูุตูุงุฑูุฎ ุงูุฏูุงุนุงุช",UCUPvGhFO8lhT8rsPt0RqXtw,http://www.youtube.com/@tswa00ro7ee,1,UgylJYAKonB5aQaZ_BF4AaABAg,@awiliwili
UgylJYAKonB5aQaZ_BF4AaABAg.9vhWXeMyEA_9xxNCXgtwj3,,0,"2023-12-05 18:58:44",@kamalzoro,"@@tswa00ro7ee ุญูุงุณ ุงุฏุงุฉ ุตูููููุฉ ููุงุณู ูุทุนุงุงุงู ุงูุบุฑุจุงุงู ุณูููููู ุงููุนุจุฉ ูุชุงุฎุฑูู",UC6ZuJm4Xcr3IIWOfL7u9L-Q,http://www.youtube.com/@kamalzoro,1,UgylJYAKonB5aQaZ_BF4AaABAg,@awiliwili
UgyLFcHAVcgbxkwiwgR4AaABAg,0,2,"2023-10-10 21:49:09",@bibosmed2394,"ุตูุงุฑูุฎ ุงูููุงููุฉ ููุชูุจ ุนูููุง ุงุณู ุงููููุฏุณ ุงูุชููุณู ูุญูุฏ ุงูุฒูุงุฑู ุงูุฐู ุตูุน ุตูุงุฑูุฎ ุงุจุงุจุจู ููููุงููุฉ .ุงููู ุงูุจุฑ ุญููุง ุชููุณ โค๐น๐ณ",UCaTTln3aPVGFg9lqCVTy97A,http://www.youtube.com/@bibosmed2394,0,,
UgzyqL_wWZxeWxjYzyt4AaABAg,0,3,"2023-10-10 21:48:50",@bibosmed2394,"ุตูุงุฑูุฎ ุงูููุงููุฉ ููุชูุจ ุนูููุง ุงุณู ุงููููุฏุณ ุงูุชููุณู ูุญูุฏ ุงูุฒูุงุฑู ุงูุฐู ุตูุน ุตูุงุฑูุฎ ุงุจุงุจุจู ููููุงููุฉ .ุงููู ุงูุจุฑ ุญููุง ุชููุณ โค๐น๐ณ",UCaTTln3aPVGFg9lqCVTy97A,http://www.youtube.com/@bibosmed2394,0,,
UgxubrIHEAWmyMu8OR14AaABAg,0,2,"2023-10-10 21:47:57",@bibosmed2394,"ุทุงุฆุฑุงุช ุงุจุงุจูู ูููููุฏุณ ุงูุชููุณู ูุญูุฏ ุงูุฒูุงุฑู ุชุถุฑุจ ุฅุณุฑุงุฆูู ุจุงูุฏุงุฎู",UCaTTln3aPVGFg9lqCVTy97A,http://www.youtube.com/@bibosmed2394,0,,
Ugw15_g5q7wDMNzqNxp4AaABAg,0,0,"2023-10-10 21:36:06",@user-tx4me5lr8j,"ูุฐุง ูุงูุฑูุฏู ุงูุฑุงูุถู ุงูููุนูู ุงูุฎูููู ูุฃูุฑ ุญูุงุณ ุจูุชู ุงููููุฏ ููู ูุนูู ุฌูุฏุฃ ุงู ุฃุณุฑุฆูู ุณููู ุชุฑุฏ ุจูุชู ุฃุถุนุงู ูุถุงุนูู ูุงูุชู ูู ูุงุณุฑุฃุฆููููู ุงูุฎูููู ุงูุฃู ุนุฏู ุงูุนุฑุจ ูููุณูููู ูุดุงูุฏ ูุงูุฌุฑู ูู ุบุฒู ููุชูุฐุฐ ุจูุชู ุงุฎููุง ุฃูู ุงูุณูู ูู ูุงุทูุงู ููุณุงุก",UCx5rhGaXOhkWx8pCSBm-wBw,http://www.youtube.com/@user-tx4me5lr8j,0,,
Ugz6N76GR7NXi0o58oh4AaABAg,0,0,"2023-10-10 21:34:51",@S-770,"๐คฌ๐คฌ๐คฌ๐คฌ๐คฌ๐คฌ๐คฌ ูุนูุฉ ุงููู ุนูู ุงูุนุฑุจ ุงูุฌุจูุงุก .. ูุนูุฉ ุงููู ุนูู ุงูุฏูู ุงููุฌุงูุฑู ุงูุตุงูุชู ูุงูุฑุงุถูู .. ุนูู ุญูุงู ุงูุนุฑุจ ุงูุฎูุงุฒูุฑ ูุนูู ุงููู ูุนูู ุชูุฒ ุงูุณูุงูุงุช ูุงูุงุฑุถ ูุนูู ูุงูุฏููู .. ููุด ุณุงูุชูู ููุด ูุฅุณุฑุงุฆูู ูุงุฐู ูุฒ ููุงููุง ูุงุฑุนุจูุง ุงุดุฎุงุต ููุฌุงูุฏูู ููุท ุจุฃุณูุญู ุฎูููู .. ูุงูููุช ุงุฌุจู ูุงุนูู ู ุงูุทู ูุงูุฐู ุญูุงู ุจุงููุฑู ุงูุงุฑุถูู ุงูุซุฑ ูู ุญูุงู ุงูุนุฑุจ .. ุจุงูุฏู ููุชููุงูู ูุชุญููู ูููู ูุงูู ููุด ุงูุฐู ูุฐุง ููุด .. ุฅุณุฑุงุฆูู ูุงุฐู ูุญุชูู ููุณุทูู ููู ุณุงูุชูู ุงุงุงุงุงุงุงุงุงุงุงุงุฎ ุงุงุงุงุงุงุงุฎ .. ุฏูุฑู ุบุฒู ูุญุงุตุฑููุง ููุชูู ูุณุงุฆูุง ูุงุทูุงููุง ููุดุงูุฎูุง ููู ุดู ููู ุณุงูุชูู .. ุทูุจ ุงุณูุญุชูู ุงูุนุฑุจ ุงููุนูููู ูุงุฐูู ูุงูุงูุฐุงู ููุด ูู ูุนุงูู ุนูุดุงู ุงูุด ูุนููู ุงููู ูุนููู ุงููู ูุจู ุงููููุฏ ูุงูุฅุณุฑุงุฆููููู .. ุงุงุงุงุงุงุงุงุงุงุฎ ูุงุฑุจ .. ุงูุง ูู ุงูููู ูุงุชููู ุงูุงุชู ูู ููุณุทูู ููู ุงุฑูุญ ููู ุฑุงุญ ูุณุชูุจููู .. ูุงุงุงุงุงุงุงุงุงุงุงุงุงุฑุจ .. 500.000 ูููู ุจุฐูุฆู ุงุฑูุฏ ุงุทูุนูุง ูุญูุงู ุงูุนุฑุจ ููุงูู ุงุญุชุฑุงู ูููุดุงูุฏูู ุฑุงุญ ุงุณูุช .๐ค๐ค๐ค๐คฌ๐คฌ๐คฌ๐คฌ๐คฌ๐คฌ๐คฌ๐คฌ๐คฌ๐คฌ๐คฌ๐คฌ๐คฌ๐คฌ๐คฌ๐คฌ๐คฌ๐คฌ๐คฌ๐คฌ๐คฌ ุงููู ูุฑุญูู ูุงุตุฏุงู ุญุณูู ุงููู ูุฑุญูู ูุง ุณูุฏ ูุธูุฑ ููุณุทูู",UCgWeVBFr3l70-irf_WHQr2A,http://www.youtube.com/@S-770,0,,
Ugza2A47U0U_jTJZyoh4AaABAg,0,2,"2023-10-10 21:29:53",@user-nj4xi2zt7u,"ููู ููู ูุฏุง ูุง ุชุฌูุฏู ุตุญุงูุฉ ุงูุนุฑุจ ุงูุชุงููุฉ",UC0mDF4tQkxf6QCv1gJC1J5w,http://www.youtube.com/@user-nj4xi2zt7u,0,,
UgzCy01yU2jU_z1IDuR4AaABAg,0,2,"2023-10-10 21:29:27",@user-yo2xq3wr7x,"- ุงููููููู ููู ููุช ุชูุฒููู ุฅูู ุงูุณููุงุก ุงูุฏููุง ูุชุณุชูุฌููุจ ูููููู ุฏุงุนูู ูุชูุนุทู ูููู ุณุงุฆูู: ยซุงููููููู ุฅูููุง ูุณุฃูููู ุจููููุฑู ูุฌููู ุงูุฐูู ุฃุดุฑููุชู ููู ุงูุณููฐูุงุช ูุงูุฃุฑุถ ุ ูุตูููุญ ุจูู ุฃูุฑ ุงูุฏููููุง ูุงูุขุฎูุฑุฉ ุ ุฃูู ุชุฌุนู ุงููุตุฑ ููุงูุตู ูุฃุญูุจุชููุง ููู ุญูุฑุฒูู ุ ูุญููุธูู ุ ูุฌููุงุฑูู ุ ูุชูุญุชู ููููููู ุ ูุง ุฎููุฑู ุญูุงููุธ ุ ูุฃุฑุญูู ุงูุฑุงุญููููยป๐๐คฒ๐ผ๐ต๐ธ๐๐ต๐ธ๐คฒ๐๐ข๐ข๐ข",UC8MYG3O8bIBzsOUwTAAra6Q,http://www.youtube.com/@user-yo2xq3wr7x,0,,
UgxlZ4L6RdYQYK5RhSF4AaABAg,0,8,"2023-10-10 21:29:16",@user-mz2hd9sz8x,"ุงููู ูุงูุจุฑ ุงููู ูุงูุจุฑ ูููู ุงูุญูุฏ ุงูููู ุงูุตุฑ ุงูููู ุงูุตุฑ ุงุฎูุงููุง ูู ููุณุทูู ูุญูุธ ุฏูุงุฆูู ูุงุนุฑุงุถูู ูุงุฑุจ ุงูุนุงูููู",UCcUpasEbfDSPML3fwlG69aQ,http://www.youtube.com/@user-mz2hd9sz8x,0,,
UgzDKIlnTthU9GXOm_Z4AaABAg,2,1,"2023-10-10 21:28:55",@user-gx6ro8mi5t,"ุงูุดุนุจ ุงูุนุฑุจู ููู ูุน ููุณุทูู ุนุฏุง. ุจุนุถ ุงููุทุจุนูู ูุชุจุงููู ุนูู ุงูููุงุฑ ุฅุณุฑุงุฆูู ุงููุฒุนููู ุฏููุช ุงููุฐุจ ุนุฌูุจ ูุตูุนูู ูุชูุฒู ูู ุจุฑูุงู ูุดุชุนู ุงููู ูุญูููู",UC9SOeoX8uePWdMt2pamaiLA,http://www.youtube.com/@user-gx6ro8mi5t,0,,
UgzDKIlnTthU9GXOm_Z4AaABAg.9vhRsWf_-OH9wOtpQEHlFo,,0,"2023-10-28 03:48:29",@ghizlane4171,"ููู ูุงูู ูุนุงูู ุจุงูุงุญูุงู ุ",UCFedmGEZwhHLEN_HLyn1ZYg,http://www.youtube.com/@ghizlane4171,1,UgzDKIlnTthU9GXOm_Z4AaABAg,@user-gx6ro8mi5t
UgzDKIlnTthU9GXOm_Z4AaABAg.9vhRsWf_-OH9wOzR1OJK-6,,0,"2023-10-28 04:37:27",@user-gx6ro8mi5t,"@@ghizlane4171 ุงูุชู ูุง ููููุฑู ุนูู ุงูุดุนุจ ุงูููุณุทููู ุงุฎูุงูู ูุน ุงูุฃุณู ุนููุฌ",UC9SOeoX8uePWdMt2pamaiLA,http://www.youtube.com/@user-gx6ro8mi5t,1,UgzDKIlnTthU9GXOm_Z4AaABAg,@user-gx6ro8mi5t
UgweiiTilfQSZOKNHQt4AaABAg,0,0,"2023-10-10 21:27:34",@aronhshzggs,"7ุงูุซูุจุฑ ุชุงุฑูุฎ ุณูุฏุฑุณ ููุงุฌูุงู ุงููุงุฏูุฉ",UCpFrujTKI0AZgmPbfUrjF2Q,http://www.youtube.com/@aronhshzggs,0,,
UgwvlvpzJtYqMLWqeBl4AaABAg,3,6,"2023-10-10 21:24:18",@aniskhalloufi5709,"ุญุฑุจ ุฃูุชูุจุฑ 1973 ู ุงูููู ุญุฑุจ ุฃูุชูุจุฑ 2023",UCpAj8iIgDGrAN9WB_4P8O1w,http://www.youtube.com/@aniskhalloufi5709,0,,
UgwvlvpzJtYqMLWqeBl4AaABAg.9vhRLmv34Q29viPDhev7sA,,1,"2023-10-11 06:24:58",@monismedaoui5731,"ุจุนุฏ ูุตู ูุฑู",UCoVRGnVxQnRSrP6zyABsBRw,http://www.youtube.com/@monismedaoui5731,1,UgwvlvpzJtYqMLWqeBl4AaABAg,@aniskhalloufi5709
UgwvlvpzJtYqMLWqeBl4AaABAg.9vhRLmv34Q29w2hIPWzDP7,,1,"2023-10-19 12:55:41",@user-co8tz2oz1o,"ูุฐู ุญุฑูู ุนุจุซูู ุฑุงุญ ุถุญูุชูุง ุงูู ุบุฒู ูุงู ุงูุด ูุงู ุญุฑุจ ๐",UCrO8r5wwYlsurO36SBLazTg,http://www.youtube.com/@user-co8tz2oz1o,1,UgwvlvpzJtYqMLWqeBl4AaABAg,@aniskhalloufi5709
UgwvlvpzJtYqMLWqeBl4AaABAg.9vhRLmv34Q29w2iZExMsnf,,0,"2023-10-19 13:06:43",@monismedaoui5731,"@@user-co8tz2oz1o ููุงุฐุง ุชุถุญู ุ ูู ุงูุช ุฌุงูุณ ุนูู ุดูุก ูุฏุบุฏุบ",UCoVRGnVxQnRSrP6zyABsBRw,http://www.youtube.com/@monismedaoui5731,1,UgwvlvpzJtYqMLWqeBl4AaABAg,@aniskhalloufi5709
UgxPTASVN15IQHnUpLl4AaABAg,0,1,"2023-10-10 21:20:42",@khaliddahhan2232,"ูููููู ุงูุดููุฎ ุนุจุฏูุงูุนุฒูุฒ ุงูุทูุฑููู(ูุฑูุฌ ุงูููู ุนููู) : (ูู ูุงูุช ููุงุฉ ุงูุนุฑุจูุฉ ููุฌูุฏุฉู ูู ุฒููู ุงูููุจููุฉ ูุง ุฅุฌุชูุนู ุงูููููุงูููู ุฅููุง ูููุง ููุง ุฃููููููุช ุฃููุงูู ุจููู ููุฑูุธุฉู ุฅููุง ุนููููุง).",UCO9T4yPE84rcaD0icf6eYLQ,http://www.youtube.com/@khaliddahhan2232,0,,
Ugx8ioiPkWejjT29o5Z4AaABAg,0,0,"2023-10-10 21:17:55",@user-gh7ir9qt7p,"ุงููุงุณูููุฉ ุตูุนุฉ ุงูุจูุจุฌู ูุญุชู ุชููู ุดุจุงุจูุง ุจุณ ุงูุญูุฏุงููู ููุน ุงูุณุญุฑ ุนูู ุงูุณุงุญุฑ ุนููู ูููู ูุชู ูุนุจุฉ ุงูุจูุจุฌู ุงููู ููุตุฑูู ููุญูููู ูููุฏูู ุจุฌููุฏูู ุนูุฏู ุฃููู ูุงุฑุจ",UCfPO_xdz8ZWNKZEOcZ7lKKA,http://www.youtube.com/@user-gh7ir9qt7p,0,,
Ugxr_UaGVAwoq8S6rct4AaABAg,4,41,"2023-10-10 21:09:31",@user-mf7jb2ik2o,"ููุณุทููู ูุงูุชุฎุฑ โค",UCh5C9ML6KzVN2cRAEZ311WA,http://www.youtube.com/@user-mf7jb2ik2o,0,,
Ugxr_UaGVAwoq8S6rct4AaABAg.9vhPeRaL_YG9viUfZZm3o3,,3,"2023-10-11 07:12:36",@user-yv2is1rj1e,"ุฑุจู ููุตุฑูู ุงุฎุชูู ูู ุฌุฒุงุฆุฑ ูููุฆุง ููู ุฑุจู ูุนูู",UCrHq0Aurz_LB6fdS3FDaZeA,http://www.youtube.com/@user-yv2is1rj1e,1,Ugxr_UaGVAwoq8S6rct4AaABAg,@user-mf7jb2ik2o
Ugxr_UaGVAwoq8S6rct4AaABAg.9vhPeRaL_YG9vigqN5mKau,,1,"2023-10-11 09:07:40",@user-mf7jb2ik2o,"@@user-yv2is1rj1e ๐โโ๏ธ",UCh5C9ML6KzVN2cRAEZ311WA,http://www.youtube.com/@user-mf7jb2ik2o,1,Ugxr_UaGVAwoq8S6rct4AaABAg,@user-mf7jb2ik2o
Ugxr_UaGVAwoq8S6rct4AaABAg.9vhPeRaL_YG9wCTVLmfb_0,,2,"2023-10-23 07:58:47",@Ah____mdAl3m9l,"ุฑุจู ููุตุฑูู ุงู ุดุงุก ุงููู ุชุญูุงุชู ูู ุงูุณุนูุฏููโค",UCF7ZxjGJ3E4lSUNm-SrdruQ,http://www.youtube.com/@Ah____mdAl3m9l,1,Ugxr_UaGVAwoq8S6rct4AaABAg,@user-mf7jb2ik2o
Ugxr_UaGVAwoq8S6rct4AaABAg.9vhPeRaL_YG9wGHpCVqRNX,,0,"2023-10-24 19:33:44",@waelmegahdwaelmegahd9557,โค,UCHGzJgEUo-jDyAy2dNgZWkg,http://www.youtube.com/@waelmegahdwaelmegahd9557,1,Ugxr_UaGVAwoq8S6rct4AaABAg,@user-mf7jb2ik2o
Ugzj6gfBlCASVEVHxGx4AaABAg,0,0,"2023-10-10 21:07:29",@Zara22651,"ูู ูุงุญุฏุฉ ูู ุฌุณูู ูู ุนุงูู ุงูุฌุงู ุจุชุญุจ ุงูุฑุฌุงูุฉ ุงููุจุงุฑ ูู ุงูุณู ูุงุญุฏุฉ ุฑูุญุชูุง ุฌุงููุฉ ูููุชุฉ ููุงุนุฏุฉ ูู ุงูุฌุณู ูุจุชุญุจ ูุงุญุฏ ุตุงุญุจู ูุงููุฑูู ุณุจุจ ูู ุฏุฎูููุง ูู ุฌุณูู ูุฑูู ุงูููุชุฑู ุจ ุงูุง ุดุฎุตูุง ุดุงุงุงุงุฐ",UCcHGZmJR89wiw5VQK5P9aCQ,http://www.youtube.com/@Zara22651,0,,
UgzLnDs8LrO1X2wPDSp4AaABAg,0,0,"2023-10-10 21:06:19",@dredendreden8739,"ุญูุงุณ ูู ูุงูุช ูุชูููุฉ ุฃููุง ุณุชูุงุฌู ุฌูุด ูุนุฏ ูู ุฃููู ุฌููุด ุงูุนุงูู ูุง ููุฑุช ูู ุงูุชุญุงูู ูุงูุช ูุชุงูุฏุฉ ุฃู ูู ููุงุจููุง ูู ุงูุทุฑู ุงูุขุฎุฑ ุฌุจูุงุก ูุญุณุจูู ูู ุตูุญุฉ ุนูููู ูุฏูุณููู ุดุฑ ุฏูุณุฉ ุณูุฐูุฑูููุง ุทูููุง ูุซู ุงูููููููุณุช",UCFJZcXTu_kDb5bsIYtkj8QA,http://www.youtube.com/@dredendreden8739,0,,
UgxLQ7cMTwPUU2jAoNx4AaABAg,0,18,"2023-10-10 21:03:02",@user-ie9xc9on1o,"(ุฅูู ุชูููููููุง ุชูุฃูููููููู ููุฅูููููููู ููุฃูููููููู ููููุง ุชูุฃูููููููู  ููุชูุฑูุฌูููู ูููู ุงูููููู ููุง ููุง ููุฑูุฌูููู  ููููุงูู ุงูููููู ุนููููููุง ุญููููููุง) ุงูููู ูููุง ุฌูุนููุชูุง ุจุฑูุฏูุง ูุณููุงููุง ุนููู ุณูุฏูุง ุฅุจุฑุงูููุ ูุงุฌูุนููุง ุจุฑุฏูุง ูุณูุงููุง ุนููู ุนูุจูุงุฏูู ูู ุฃูู ุบูู ูุฒููุฉ. ูุง ุชูุณููู ูู ุฏุนุงุฆููโฅ๏ธ",UC7K51ZgH2bBndK2XL9Teg6g,http://www.youtube.com/@user-ie9xc9on1o,0,,
UgzegJ-QarPEEPVfl_p4AaABAg,0,0,"2023-10-10 20:59:18",@salmanalfaqih7558,"ูู ููุช ูุจููุฑ ูุด ูุจูุฑ",UCKL7iAa54VTVuPy34Kp5R2g,http://www.youtube.com/@salmanalfaqih7558,0,,
UgyallH-UxZRq_tMnYF4AaABAg,0,2,"2023-10-10 20:57:15",@user-dx3pv2mi8t,"ูุง ุฅูู ุฅูู ุงููู ูุญูุฏ ุฑุณูู ุงููู ุตูู ุงููู ุนููุฉ ูุณูู",UCGJDC3SgpOuU_ZtcIByFRtg,http://www.youtube.com/@user-dx3pv2mi8t,0,,
UgzlYXkquVN92t2PrIt4AaABAg,5,7,"2023-10-10 20:56:46",@Andreas-ln7dh,"ูุง ุญุณุงูุฉ ุน ุงูููุงููุฉ ูุงูููุงูุนุฉ ...ุญุณู ูุตุฑููู ูุฌูุด ุจุดุงุฑ ูููุงุก ุงุจู ุงููุถู ุงูุนุจุงุณ ูุงูุญุดุฏ ูุฒููุจููู ููุงุทูููู ูุงููุฌุจุงุก ..ูููู ููุฌูุฏูู ุน ุญุฏูุฏ ุงุณุฑุงุฆูู ....ูู ุงููุดู ุฒูููู ..ุญุชู ููู ุจุชูุถุฑุจ ูุฐููุฉ ูุงูู ..ุจุชููููุง ุงูููุงููุฉ ุงูููุณุทูููุฉ .........ููู ุงููุงุจุงูู ูุงููุณููุฑ ูุงูููุงุจู ุงูุนูููุฏูุฉ ูุงูุทูุฑุงู ....ูู ูู ุงูุงุณูุญุฉ ููุฌูุฉ ูุงุฏูุจ .......ุจุงูุญุฑุจ ูุนุงูุงุช ...ูุน ุงูุดุนุจ ุงุณูุฏ ...ุฎุณุฆุชู ......ุงููู ููุตุฑ ุงูุดุนุจ ุงูููุณุทููู",UCY3LD6-UBtImYhTtv0ZgHcA,http://www.youtube.com/@Andreas-ln7dh,0,,
UgzlYXkquVN92t2PrIt4AaABAg.9vhOC1PuyVW9vhOWil_-_P,,4,"2023-10-10 20:59:35",@modsyria,"ูุฏูู ุนููุงุก ุงุณุฑุงุฆูู ู ูุตู ุนููุงุก ุงุณุฑุงุฆูู ุจุงุฏูุจ ูู ุจุญุฏ ุฐุงุชู ุญุฑุจ ุนูู ุงุณุฑุงุฆูู ๐",UCC5W46FVIUjunip2vadf64w,http://www.youtube.com/@modsyria,1,UgzlYXkquVN92t2PrIt4AaABAg,@Andreas-ln7dh
UgzlYXkquVN92t2PrIt4AaABAg.9vhOC1PuyVW9vhPGKukkWy,,2,"2023-10-10 21:06:05",@DfhyjjuWerw,"ููุงู ุงููุธูุงุช ูุงูุตูุงุฑูุฎ ูู ููู ูุงู ุงูู ุดู ูุซุงูู ุดู ุถุฑุจู ูุงุณุฑุงุฆูู ุฑุฏุช ุฒูู ุงูุณุนูุฏูุฉ ููููุงุ",UCGmtRaqVZFwMS_OnSKOjWqw,http://www.youtube.com/@DfhyjjuWerw,1,UgzlYXkquVN92t2PrIt4AaABAg,@Andreas-ln7dh
UgzlYXkquVN92t2PrIt4AaABAg.9vhOC1PuyVW9vhUAQi_v60,,3,"2023-10-10 21:48:58",@bibosmed2394,"ุตูุงุฑูุฎ ุงูููุงููุฉ ููุชูุจ ุนูููุง ุงุณู ุงููููุฏุณ ุงูุชููุณู ูุญูุฏ ุงูุฒูุงุฑู ุงูุฐู ุตูุน ุตูุงุฑูุฎ ุงุจุงุจุจู ููููุงููุฉ .ุงููู ุงูุจุฑ ุญููุง ุชููุณ โค๐น๐ณ",UCaTTln3aPVGFg9lqCVTy97A,http://www.youtube.com/@bibosmed2394,1,UgzlYXkquVN92t2PrIt4AaABAg,@Andreas-ln7dh
UgzlYXkquVN92t2PrIt4AaABAg.9vhOC1PuyVW9w2hhmFgrYd,,1,"2023-10-19 12:59:17",@user-co8tz2oz1o,"@@DfhyjjuWerw ูุด ุฏุฎู ุงูุณุนูุฏูู ูุงูุบูู ูุจุณูุท ูู ุญุฑูู ุญูุงุณ ุงูุงูุฑุงููู ุถุฑุจู ุญูุงุณ ูุฐู ูุชูุฑูุท ุงูุดุนุจ ุงูููุณุทููู ููุฐุง ูุงูุฑุงู ุงูุงู ููู ุญูุงุณ ุนููู ุงุณุฑุงุฆูู ูุชูุช ุงููุฏูููู ูุงูุช ุฌุงูุณ ุชูุชุฎุฑ",UCrO8r5wwYlsurO36SBLazTg,http://www.youtube.com/@user-co8tz2oz1o,1,UgzlYXkquVN92t2PrIt4AaABAg,@Andreas-ln7dh
UgzlYXkquVN92t2PrIt4AaABAg.9vhOC1PuyVW9wO9VYVVTEN,,0,"2023-10-27 20:54:56",@lateflatef329,"ูุงููู ุงูุนูู ุงูุนุธูู ูู ุงุฌูู ุฃูุณูุฉ ููุณุทูู ุงูุฒูุงุฑุฉ ุงูุงุฑุจุนูู ูุงู ุงูุงูุงู ุงูุญุณูู ูุงููู ููุช ุฑุงุญ ุชุตูุฑ ุดู ููุณุทูู ูุงุนุฏูุฉ ุณูุงุญ ูุญุชุฉ ุจุนูุฑูู ูุตุงุฑุช ููุฌู ุนุฏูู ูุงู ุฎุทุฉ ูุงู ุนุณูุฑูู ูุญูููู ูู ุฃูุฑุงู ูุญุชุฉ ูุณูุงุญ ูู ุฅูุฑุงู ูุฃู ูุงู ููุดู ูููู",UChOg5krPWWtpVq-1l8mTA6g,http://www.youtube.com/@lateflatef329,1,UgzlYXkquVN92t2PrIt4AaABAg,@Andreas-ln7dh
Ugw1dKD74l0d-YKBXfN4AaABAg,0,1,"2023-10-10 20:55:58",@user-ry6by1wy4g,"ุฃูุง ููุณุทููู ุฅูุชุถุฑููู ูู ุจุช ูุจุงุดุฑ ูู ููุงุชู ุ",UCMIurz_Y10l6mhTtf-MS2Vg,http://www.youtube.com/@user-ry6by1wy4g,0,,
